unique_id,name_id,electorate,member_from,member_to,member_end_reason
Abbott1869,JLM,New England,1913-05-31,1919-11-03,Retired
Abbott1886,JLJ,Gwydir,1925-11-14,1929-10-12,Defeated
Abbott1886,JLJ,Gwydir,1931-12-19,1937-03-28,Resigned
Abbott1891,JLL,New England,1940-09-21,1949-10-31,Retired
Abbott1957,EZ5,Warringah,1994-03-26,2019-05-18,Defeated
Abel1939,JLN,Evans,1975-12-13,1977-11-10,Retired
Adams1951,BV5,Lyons,1993-03-13,2013-09-07,Defeated
Adermann1896,JLR,Fisher,1949-12-10,1972-11-02,Retired
Adermann1896,JLR,Maranoa,1943-08-21,1949-12-10,Until Elected For Fisher
Adermann1927,ID4,Fairfax,1984-12-01,1990-02-19,Retired
Adermann1927,ID4,Fisher,1972-12-02,1984-12-01,Until Elected For Fairfax
Ahern1871,JLS,Indi,1913-05-31,1914-09-05,Defeated
Albanese1963,R36,Grayndler,1996-03-02,,
Aldred1945,KD4,Bruce,1983-05-28,1990-03-24,Until Elected For Deakin
Aldred1945,KD4,Deakin,1990-03-24,1996-01-29,Retired
Aldred1945,KD4,Henty,1975-12-13,1980-10-18,Defeated
Alexander1951,M3M,Bennelong,2010-08-21,2017-11-11,Resigned
Alexander1951,M3M,Bennelong,2018-12-16,,
Allan1916,JLT,Gwydir,1953-12-19,1969-04-30,Resigned
Allen1966,282986,Higgins,2019-05-18,,
Aly1967,13050,Cowan,2016-07-02,,
Anderson1956,4K4,Gwydir,1989-04-15,2007-10-17,Retired
AndersonCharles1897,JLU,Hume,1949-12-10,1951-04-28,Defeated
AndersonCharles1897,JLU,Hume,1955-12-10,1961-12-09,Defeated
AndersonGordon1897,JLV,Kingsford-Smith,1949-12-10,1955-11-04,Retired
Andren1946,KL6,Calare,1996-03-02,2007-10-17,Retired
Andrew1944,HE4,Wakefield,1983-03-05,2004-08-31,Retired
Andrews1900,JLW,Darebin,1949-12-10,1955-12-10,Defeated
Andrews1955,HK5,Menzies,1991-05-11,,
Andrews1960,230886,McPherson,2010-08-21,,
Anstey1865,JLY,Bourke,1910-04-13,1934-08-07,Retired
Anthony1897,JLZ,Richmond,1937-10-23,1957-07-12,Died
Anthony1929,BU4,Richmond,1957-09-14,1984-01-18,Resigned
Anthony1961,XJ6,Richmond,1996-03-02,2004-10-09,Defeated
Archer1871,JM2,Capricornia,1906-12-12,1910-04-13,Defeated
Archer1975,282237,Bass,2019-05-18,,
Archibald1852,JM8,Hindmarsh,1910-04-13,1919-12-13,Defeated
Armitage1920,JM9,Chifley,1969-10-25,1983-02-04,Retired
Armitage1920,JM9,Mitchell,1961-12-09,1963-11-30,Defeated
Armstrong1909,JMA,Riverina,1965-02-27,1969-10-25,Defeated
Arthur1875,JMB,Bendigo,1913-05-31,1914-12-09,Died
Arthur1918,JMC,Barton,1966-11-26,1969-10-25,Defeated
AshleyBrown1915,JME,Mitchell,1972-12-02,1974-05-18,Defeated
Aston1916,JMF,Phillip,1955-12-10,1961-12-09,Defeated
Aston1916,JMF,Phillip,1963-11-30,1972-12-02,Defeated
Atkinson1867,JMG,Wilmot,1906-12-12,1929-10-12,Defeated
Atkinson1948,JMI,Isaacs,1990-03-24,1996-03-02,Defeated
Badman1885,JNM,Grey,1937-10-23,1943-08-21,Defeated
Bailey1946,JT4,McEwen,1990-03-24,1993-03-13,Defeated
Bailey1946,JT4,McEwen,1996-03-02,2010-07-19,Retired
Baillieu1937,JNO,La Trobe,1975-12-13,1980-10-18,Defeated
Baird1942,MP6,Cook,1998-10-03,2007-10-17,Retired
Baker1873,JNR,Maranoa,1940-09-21,1943-08-21,Defeated
Baker1903,JNP,Griffith,1934-09-15,1939-03-28,Died
Baker1903,JNP,Oxley,1931-12-19,1934-09-15,Until Elected For Griffith
Baker1958,DYK,Braddon,2004-10-09,2007-11-24,Defeated
Baldwin1951,MD4,Sydney,1983-03-05,1998-08-31,Retired
Baldwin1955,LL6,Paterson,1996-03-02,1998-10-03,Defeated
Baldwin1955,LL6,Paterson,2001-11-10,2016-05-09,Retired
Bamford1849,JNV,Herbert,1901-03-30,1925-10-03,Retired
Bandidt1906,JNZ,Wide Bay,1958-11-22,1961-12-09,Defeated
Bandt1972,M3C,Melbourne,2010-08-21,,
Banks1962,18661,Chisholm,2016-07-02,2019-05-18,
Barnard1890,JNX,Bass,1934-09-15,1949-12-10,Defeated
Barnard1919,JO8,Bass,1954-05-29,1975-06-02,Resigned
Barnes1901,JOA,McPherson,1958-11-22,1972-11-02,Retired
Barresi1955,ZJ6,Deakin,1996-03-02,2007-11-24,Defeated
Bartlett1949,0K6,Macquarie,1996-03-02,2007-11-24,Defeated
Barton1849,009LR,Hunter,1901-03-29,1903-09-30,Resigned
Barwick1903,126,Parramatta,1958-03-08,1964-04-24,Resigned
Batchelor1865,JOC,Boothby,1903-12-16,1911-10-08,Died
Batchelor1865,JOC,South Australia,1901-03-30,1903-12-16,Until Elected For Boothby
Bate1906,JOE,Macarthur,1949-12-10,1972-12-02,Defeated
Baume1930,LE4,Macarthur,1975-12-13,1983-03-05,Defeated
Bayley1882,JOG,Oxley,1917-05-05,1931-12-19,Defeated
Beale1898,JOI,Parramatta,1946-09-28,1958-02-10,Resigned
Beale1934,OE4,Bruce,1990-03-24,1996-03-02,Defeated
Beale1934,OE4,Deakin,1984-12-01,1990-03-24,Until Elected For Bruce
Beard1866,JOK,Batman,1910-04-13,1910-12-18,Died
Beasley1895,JOM,West Sydney,1928-11-17,1946-08-14,Resigned
Beaton1925,JOO,Bendigo,1960-07-16,1969-04-09,Resigned
Beazley1917,JF7,Fremantle,1945-08-18,1977-11-10,Retired
Beazley1948,PE4,Brand,1996-03-02,2007-10-17,Retired
Beazley1948,PE4,Swan,1980-10-18,1996-03-02,Until Elected For Brand
Beck1882,JOQ,Denison,1940-09-21,1943-08-21,Defeated
Beddall1948,QE4,Fadden,1983-03-05,1984-12-01,Until Elected For Rankin
Beddall1948,QE4,Rankin,1984-12-01,1998-08-31,Retired
Bell1872,JOS,Darwin,1919-12-13,1922-12-16,Defeated
Bell1872,JOS,Darwin,1925-11-14,1943-07-07,Retired
Bell1968,282981,Moncrieff,2019-05-18,,
Bennett1872,JOW,Werriwa,1912-06-01,1913-04-23,Retired
Bennett1874,JOY,Gippsland,1913-05-31,1914-09-05,Defeated
Bennett1933,JOU,Swan,1969-10-25,1975-12-13,Defeated
Benson1909,JP5,Batman,1962-09-01,1969-09-29,Retired
Berinson1932,JP8,Perth,1969-10-25,1975-12-13,Defeated
Berry1907,JPA,Griffith,1949-12-10,1954-05-29,Defeated
Best1856,JPC,Kooyong,1910-08-24,1922-12-16,Defeated
Bevis1955,ET4,Brisbane,1990-03-24,2010-08-21,Defeated
Bidgood1959,HVM,Dawson,2007-11-24,2010-07-19,Retired
Billson1966,1K6,Dunkley,1996-03-02,2016-05-09,Retired
Bilney1939,RE4,Kingston,1983-03-05,1996-03-02,Defeated
Bird1906,JPE,Batman,1949-12-10,1962-07-21,Died
Bird1962,DZP,Cunningham,2004-10-09,,
Birney1928,JPG,Phillip,1975-12-13,1983-03-05,Defeated
Birrell1913,JPJ,Port Adelaide,1963-11-30,1974-04-11,Retired
Bishop1942,SE4,Mackellar,1994-03-26,2016-05-09,Retired
Bishop1956,83P,Curtin,1998-10-03,2019-05-18,Retired
Blackburn1880,JPN,Bourke,1934-09-15,1943-08-21,Defeated
Blackburn1889,JPL,Bourke,1946-09-28,1949-12-10,Defeated
Blacklow1879,JPP,Franklin,1931-12-19,1934-09-15,Defeated
Blackwood1861,JPR,Riverina,1903-12-16,1904-04-13,Voided
Blain1894,JPT,Northern Territory,1934-09-15,1949-12-10,Defeated
Blakeley1886,JPV,Darling,1917-05-05,1934-09-15,Defeated
Blanchard1929,UE4,Moore,1983-03-05,1990-03-24,Defeated
Bland1882,JQ7,Warringah,1951-04-28,1961-11-02,Retired
Blewett1933,VE4,Bonython,1977-12-10,1994-02-11,Resigned
Blundell1871,JQ9,Adelaide,1919-12-13,1922-12-16,Defeated
Blunt1951,WE4,Richmond,1984-02-18,1990-03-24,Defeated
Bonnett1916,JQB,Herbert,1966-11-26,1977-11-10,Retired
Bonython1848,JR7,Barker,1903-12-16,1906-11-05,Retired
Bonython1848,JR7,South Australia,1901-03-30,1903-12-16,Until Elected For Barker
Bosman1924,JR9,St George,1963-11-30,1969-10-25,Defeated
Bostock1892,JRB,Indi,1949-12-10,1958-11-22,Defeated
Bourchier1929,JRD,Bendigo,1972-12-02,1983-03-05,Defeated
Bourke1913,JRF,Fawkner,1949-12-10,1955-12-10,Defeated
Bowden1871,JRH,Nepean,1906-12-12,1910-04-13,Defeated
Bowden1871,JRH,Nepean,1919-12-13,1922-12-16,Until Elected For Parramatta
Bowden1871,JRH,Parramatta,1922-12-16,1929-10-12,Defeated
Bowden1888,JRJ,Gippsland,1943-08-21,1961-11-02,Retired
Bowen1911,JRN,Parramatta,1964-06-20,1973-07-11,Resigned
Bowen1922,ZE4,Kingsford-Smith,1969-10-25,1990-02-19,Retired
Bowen1973,DZS,McMahon,2010-08-21,,
Bowen1973,DZS,Prospect,2004-10-09,2010-08-21,Until Elected For Mcmahon
Boyd1867,JRP,Henty,1913-05-31,1919-12-13,Defeated
Bradbury1976,HVW,Lindsay,2007-11-24,2013-09-07,Defeated
Braddon1829,JRR,Tasmania,1901-03-29,1903-12-16,Until Elected For Wilmot
Braddon1829,JRR,Wilmot,1903-12-16,1904-02-02,Died
Bradfield1933,JRU,Barton,1975-12-13,1983-03-05,Defeated
Bradford1946,FT4,McPherson,1990-03-24,1998-10-03,Defeated
Braithwaite1933,0F4,Dawson,1975-12-13,1996-01-29,Retired
Brand1888,JS7,Wide Bay,1954-05-29,1958-10-14,Retired
Breen1898,JS9,Calare,1940-09-21,1946-09-28,Defeated
Brennan1873,JSC,Batman,1911-02-08,1931-12-19,Defeated
Brennan1873,JSC,Batman,1934-09-15,1949-10-31,Retired
Brereton1946,5T4,Kingsford-Smith,1990-03-24,2004-08-31,Retired
BridgesMaxwell1929,JSE,Robertson,1964-12-05,1969-10-25,Defeated
Briggs1977,IYU,Mayo,2008-09-06,2016-07-02,Defeated
Brimblecombe1898,JSG,Maranoa,1951-04-28,1966-10-31,Retired
Broad1975,30379,Mallee,2013-09-07,2019-04-11,Retired
Broadbent1950,MT4,Corinella,1990-03-24,1993-03-13,Defeated
Broadbent1950,MT4,McMillan,1996-03-02,1998-10-03,Defeated
Broadbent1950,MT4,McMillan,2004-10-09,2019-04-11,
Broadbent1950,MT4,Monash,2019-05-18,,
Brodtmann1963,30540,Canberra,2010-08-21,2019-04-11,Retired
Brough1961,2K6,Fisher,2013-09-07,2016-05-09,Retired
Brough1961,2K6,Longman,1996-03-02,2007-11-24,Defeated
Brown1843,JSK,Indi,1906-12-12,1910-04-13,Defeated
Brown1861,JSM,Calare,1906-12-12,1913-05-31,Defeated
Brown1861,JSM,Canobolas,1901-03-29,1906-12-12,Until Elected For Calare
Brown1894,JSI,McMillan,1949-12-10,1955-10-14,Died
Brown1931,OD4,Parramatta,1977-12-10,1990-02-19,Retired
Brown1933,5A5,Charlton,1984-12-01,1998-08-31,Retired
Brown1933,5A5,Hunter,1980-10-18,1984-12-01,Until Elected For Charlton
Brown1940,PD4,Diamond Valley,1969-10-25,1972-12-02,Defeated
Brown1940,PD4,Diamond Valley,1975-12-13,1983-03-05,Defeated
Brown1940,PD4,Menzies,1984-12-01,1991-02-25,Resigned
Brownbill1914,JSO,Kingston,1966-11-26,1969-10-25,Defeated
Browne1924,JSQ,Kalgoorlie,1958-11-22,1961-12-09,Defeated
Bruce1883,F4B,Flinders,1918-05-11,1929-10-12,Defeated
Bruce1883,F4B,Flinders,1931-12-19,1933-10-06,Resigned
Bruce1884,JSS,Leichhardt,1951-04-28,1958-10-11,Died
Brumby1953,1F4,Bendigo,1983-03-05,1990-03-24,Defeated
Bryant1914,JSU,Wills,1955-12-10,1980-09-19,Retired
Bryson1898,JSW,Bourke,1943-08-21,1946-09-28,Defeated
Bryson1898,JSW,Wills,1949-12-10,1955-12-10,Defeated
Buchanan1905,JSY,McMillan,1955-12-10,1972-12-02,Defeated
Buchholz1968,230531,Wright,2010-08-21,,
Bungey1934,JT9,Canning,1974-05-18,1983-03-05,Defeated
Burchell1883,JTC,Fremantle,1913-05-31,1922-11-06,Retired
Burke1910,JTF,Perth,1943-08-21,1955-12-10,Defeated
Burke1966,83S,Chisholm,1998-10-03,2016-05-09,Retired
Burke1969,DYW,Watson,2004-10-09,,
Burney1957,8GH,Barton,2016-07-02,,
Burns1869,JTI,Illawarra,1913-05-31,1917-05-05,Defeated
Burns1933,JTM,Isaacs,1977-12-10,1980-10-18,Defeated
Burns1987,278522,Macnamara,2019-05-18,,
Burr1939,3F4,Lyons,1984-12-01,1993-02-08,Retired
Burr1939,3F4,Wilmot,1975-12-13,1984-12-01,Until Elected For Lyons
Bury1913,JTP,Wentworth,1956-12-08,1974-04-11,Retired
Butler1970,HWK,Port Adelaide,2007-11-24,2019-04-11,Until Elected For Hindmarsh
Butler1970,HWK,Hindmarsh,2019-05-18,,
Butler1977,248006,Griffith,2014-02-08,,
Byrne1962,008K0,Holt,1999-11-06,,
Cadman1937,SD4,Mitchell,1974-05-18,2007-10-17,Retired
Cairns1914,1V4,Lalor,1969-10-25,1977-11-10,Retired
Cairns1914,1V4,Yarra,1955-12-10,1969-10-25,Until Elected For Lalor
Cairns1929,JTS,Lilley,1963-11-30,1972-12-02,Defeated
Cairns1929,JTS,Lilley,1974-05-18,1980-10-18,Defeated
Calder1916,JTW,Northern Territory,1966-11-26,1980-09-19,Retired
Calwell1896,BV8,Melbourne,1940-09-21,1972-11-02,Retired
Cameron1851,JUJ,Tasmania,1901-03-29,1903-12-16,Defeated
Cameron1851,JUJ,Wilmot,1904-02-26,1906-12-12,Defeated
Cameron1873,JVZ,Barker,1922-12-16,1934-08-07,Retired
Cameron1879,JUB,Brisbane,1919-12-13,1931-12-19,Defeated
Cameron1895,JTY,Barker,1934-09-15,1956-08-09,Died
Cameron1900,JU8,Oxley,1949-12-10,1961-12-09,Defeated
Cameron1913,2V4,Hindmarsh,1949-12-10,1980-09-19,Retired
Cameron1917,JUF,Lilley,1961-12-09,1963-11-30,Defeated
Cameron1930,AF4,Indi,1977-12-10,1993-02-08,Retired
Cameron1938,BF4,Maranoa,1980-10-18,1990-02-19,Retired
Cameron1940,9F4,Fadden,1977-12-10,1983-03-05,Defeated
Cameron1940,9F4,Griffith,1966-11-26,1977-12-10,Until Elected For Fadden
Cameron1940,9F4,Moreton,1983-11-05,1990-03-24,Defeated
Cameron1965,3K6,Parramatta,1996-03-02,2004-10-09,Defeated
CameronEoin1951,6V5,Stirling,1993-03-13,1998-10-03,Defeated
Campbell1939,CF4,Kalgoorlie,1980-10-18,1998-10-03,Defeated
Campbell1972,HWC,Bass,2007-11-24,2010-07-19,Retired
Cann1871,JW6,Nepean,1910-04-13,1913-05-31,Defeated
Carige1938,JW8,Capricornia,1975-12-13,1977-12-10,Defeated
Carlton1935,DF4,Mackellar,1977-12-10,1994-01-14,Resigned
Carpenter1863,JWA,Fremantle,1903-12-16,1906-12-12,Defeated
Carr1875,JWC,Macquarie,1906-12-12,1917-05-05,Defeated
Casey1890,JWE,Corio,1931-12-19,1940-01-30,Resigned
Casey1890,JWE,La Trobe,1949-12-10,1960-02-10,Resigned
Cash1919,JWK,Stirling,1958-11-22,1961-12-09,Defeated
Cass1927,JNG,Maribyrnong,1969-10-25,1983-02-04,Retired
Catley1942,NT4,Adelaide,1990-03-24,1993-03-13,Defeated
Catts1877,JWO,Cook,1906-12-12,1922-12-16,Defeated
Causley1940,4K6,Page,1996-03-02,2007-10-17,Retired
Chalmers1978,37998,Rankin,2013-09-07,,
Chambers1897,JWR,Adelaide,1943-08-21,1958-10-14,Retired
Champion1972,HW9,Wakefield,2007-11-24,2019-04-11,
Champion1972,HW9,Spence,2019-05-18,,
Chaney1914,JWV,Perth,1955-12-10,1969-10-25,Defeated
Chaney1941,EF4,Pearce,1990-03-24,1993-02-08,Retired
Chanter1845,JWY,Riverina,1901-03-29,1903-12-16,Defeated
Chanter1845,JWY,Riverina,1904-05-18,1913-05-31,Defeated
Chanter1845,JWY,Riverina,1914-09-05,1922-12-16,Defeated
Chapman1864,JX7,Eden-Monaro,1901-03-29,1926-01-12,Died
Chapman1949,FF4,Kingston,1975-12-13,1983-03-05,Defeated
Charles1936,OT4,La Trobe,1990-03-24,2004-08-31,Retired
Charles1948,GF4,Isaacs,1980-10-18,1990-02-19,Retired
Charlesworth1952,TD4,Perth,1983-03-05,1993-02-08,Retired
Charlton1866,JXA,Hunter,1910-04-13,1928-10-09,Retired
Cheeseman1976,HW7,Corangamite,2007-11-24,2013-09-07,Defeated
Chester1967,IPZ,Gippsland,2008-06-28,,
Chesters1980,249710,Bendigo,2013-09-07,,
Chifley1885,A48,Macquarie,1928-11-17,1931-12-19,Defeated
Chifley1885,A48,Macquarie,1940-09-21,1951-06-13,Died
Child1921,HF4,Henty,1974-05-18,1975-12-13,Defeated
Child1921,HF4,Henty,1980-10-18,1990-02-19,Retired
Chipp1925,3V4,Higinbotham,1960-12-10,1969-10-25,Until Elected For Hotham
Chipp1925,3V4,Hotham,1969-10-25,1977-11-10,Retired
Chresby1908,JUN,Griffith,1958-11-22,1961-12-09,Defeated
Christensen1978,230485,Dawson,2010-08-21,,
Chynoweth1941,JF4,Dunkley,1984-12-01,1990-03-24,Defeated
Chynoweth1941,JF4,Dunkley,1993-03-13,1996-03-02,Defeated
Chynoweth1941,JF4,Flinders,1983-03-05,1984-12-01,Until Elected For Dunkley
Ciobo1974,00AN0,Moncrieff,2001-11-10,2019-04-11,
Clare1972,HWL,Blaxland,2007-11-24,,
Clarey1890,JUP,Bendigo,1949-12-10,1960-05-17,Died
Clark1897,JUQ,Darling,1934-09-15,1969-09-29,Retired
Clarke1857,JUU,Cowper,1901-03-29,1903-12-16,Defeated
Clasby1891,JUY,East Sydney,1931-12-19,1932-01-15,Died
Clay1900,JYJ,St George,1958-11-22,1963-11-30,Defeated
Claydon1964,248181,Newcastle,2013-09-07,,
Clayton1942,JYK,Isaacs,1974-05-18,1975-12-13,Defeated
Cleary1952,BO5,Wills,1992-04-11,1992-11-25,Voided
Cleary1952,BO5,Wills,1993-03-13,1996-03-02,Defeated
Cleaver1917,JYO,Swan,1955-12-10,1969-10-25,Defeated
Cleeland1938,KF4,McEwen,1984-12-01,1990-03-24,Defeated
Cleeland1938,KF4,McEwen,1993-03-13,1996-03-02,Defeated
Coates1944,LF4,Denison,1972-12-02,1975-12-13,Defeated
Cobb1945,MF4,Parkes,1984-12-01,1998-08-31,Retired
Cobb1950,00AN1,Calare,2007-11-24,2016-05-09,Retired
Cobb1950,00AN1,Parkes,2001-11-10,2007-11-24,Until Elected For Calare
Cockle1908,JZG,Warringah,1961-12-09,1966-08-03,Died
Cohen1935,NF4,Robertson,1969-10-25,1990-02-19,Retired
Coker1962,263547,Corangamite,2019-05-18,,
Coleman1892,JZK,Reid,1922-12-16,1931-12-19,Defeated
Coleman1928,4V4,Wentworth,1981-04-11,1987-06-05,Retired
Coleman1974,241067,Banks,2013-09-07,,
Coles1892,JZO,Henty,1940-09-21,1946-02-11,Resigned
Collard1912,JZX,Kalgoorlie,1961-12-09,1975-12-13,Defeated
Collins1878,K07,Wakefield,1928-11-17,1929-10-12,Defeated
Collins1886,K0D,Hume,1931-12-19,1943-08-21,Defeated
Collins1971,HWM,Franklin,2007-11-24,,
Comber1919,K0I,Bowman,1961-12-09,1963-11-30,Defeated
Combet1958,YW6,Charlton,2007-11-24,2013-08-05,Retired
Conaghan1971,279991,Cowper,2019-05-18,,
Conelan1895,K0K,Griffith,1939-05-20,1949-12-10,Defeated
Connelly,282984,Stirling,2019-05-18,,
Connolly1939,QF4,Bradfield,1974-05-18,1996-01-29,Retired
Connor1907,K0O,Cunningham,1963-11-30,1977-08-22,Died
Conquest1930,K17,Hinkler,1984-12-01,1987-07-11,Defeated
Conroy1864,K4E,Werriwa,1901-03-29,1906-12-12,Defeated
Conroy1864,K4E,Werriwa,1913-05-31,1914-09-05,Defeated
Conroy1979,249127,Charlton,2013-09-07,2016-07-02,Until Elected For Shortland
Conroy1979,249127,Shortland,2016-07-02,,
Considine1885,K4F,Barrier,1917-05-05,1922-12-16,Defeated
Cook1860,F4S,Parramatta,1901-03-29,1921-11-11,Resigned
Cook1868,K4M,Indi,1919-12-13,1928-10-09,Retired
Cooke1847,K4P,Wannon,1901-03-29,1903-11-23,Retired
Cooke1938,K4O,Petrie,1972-12-02,1974-04-11,Retired
Coon1869,K5J,Batman,1906-12-12,1910-04-13,Defeated
Cope1907,K5L,Cook,1955-05-21,1955-12-10,Until Elected For Watson
Cope1907,K5L,Sydney,1969-10-25,1975-11-11,Retired
Cope1907,K5L,Watson,1955-12-10,1969-10-25,Until Elected For Sydney
Corbett1906,K5O,Maranoa,1966-11-26,1980-09-19,Retired
Corboy1896,K5P,Swan,1918-10-26,1919-12-13,Defeated
Corcoran1951,009CW,Isaacs,2000-08-12,2007-10-17,Retired
Corser1852,K6S,Wide Bay,1915-12-11,1928-07-31,Died
Corser1882,K6Q,Wide Bay,1928-09-03,1954-04-21,Retired
Costa1900,K6T,Banks,1949-12-10,1969-09-29,Retired
Costello1957,CT4,Higgins,1990-03-24,2009-10-19,Resigned
Cotter1935,K6U,Kalgoorlie,1975-12-13,1980-10-18,Defeated
Coulton1958,HWN,Parkes,2007-11-24,,
Courtice1950,UF4,Hinkler,1987-07-11,1993-03-13,Defeated
Courtnay1903,K6V,Darebin,1958-11-22,1969-09-29,Retired
Coutts1908,K6X,Griffith,1954-05-29,1958-11-22,Defeated
Coutts1908,K6X,Griffith,1961-12-09,1966-11-26,Defeated
Cowan1926,VF4,Lyne,1980-10-18,1993-02-08,Retired
Cox1954,83U,Kingston,1998-10-03,2004-10-09,Defeated
Cramer1897,K7J,Bennelong,1949-12-10,1974-04-11,Retired
Crawford1947,WF4,Forde,1987-07-11,1996-03-02,Defeated
Crean1916,JAG,Melbourne Ports,1951-04-28,1977-11-10,Retired
Crean1949,DT4,Hotham,1990-03-24,2013-08-05,Retired
Cremean1907,K7O,Hoddle,1949-12-10,1955-12-10,Defeated
Crewther1983,248969,Dunkley,2016-07-02,2019-05-18,Defeated
Crook1959,M3K,O'Connor,2010-08-21,2013-08-05,Retired
Crosio1939,7T4,Prospect,1990-03-24,2004-08-31,Retired
Cross1929,YF4,Brisbane,1961-12-09,1975-12-13,Defeated
Cross1929,YF4,Brisbane,1980-10-18,1990-02-19,Retired
Crouch1868,K7U,Corangamite,1929-10-12,1931-12-19,Defeated
Crouch1868,K7U,Corio,1901-03-29,1910-04-13,Defeated
Cruickshank1853,K7X,Gwydir,1901-03-29,1903-11-23,Retired
Culley1877,K7Z,Denison,1928-11-17,1931-12-19,Defeated
Culpin1846,K87,Brisbane,1903-12-16,1906-12-12,Defeated
Cunningham1889,K88,Gwydir,1919-12-13,1925-11-14,Defeated
Cunningham1889,K88,Gwydir,1929-10-12,1931-12-19,Defeated
Cunningham1939,0G4,McMillan,1980-10-18,1990-03-24,Defeated
Cunningham1939,0G4,McMillan,1993-03-13,1996-03-02,Defeated
Curtin1885,009FQ,Fremantle,1928-11-17,1931-12-19,Defeated
Curtin1885,009FQ,Fremantle,1934-09-15,1945-07-05,Died
Curtin1898,K8B,Kingsford-Smith,1955-12-10,1969-09-29,Retired
Curtin1898,K8B,Watson,1949-12-10,1955-12-10,Until Elected For Kingsford-Smith
Cusack1868,K8G,Eden-Monaro,1929-10-12,1931-12-19,Defeated
Daly1912,6V4,Grayndler,1949-12-10,1975-11-11,Retired
Daly1912,6V4,Martin,1943-08-21,1949-12-10,Until Elected For Grayndler
Danby1955,WF6,Melbourne Ports,1998-10-03,2019-04-11,Retired
Dankel1864,KC9,Boothby,1913-05-31,1917-03-26,Retired
Dargavel1966,KP6,Fraser,1997-02-01,1998-08-31,Retired
Darling1936,UD4,Lilley,1980-10-18,1993-02-08,Retired
DAth1970,HVN,Petrie,2007-11-24,2013-09-07,Defeated
Davidson1897,KCA,Capricornia,1946-09-28,1949-12-10,Until Elected For Dawson
Davidson1897,KCA,Dawson,1949-12-10,1963-11-01,Retired
Davies1884,KCC,Cunningham,1949-12-10,1956-02-17,Died
Davies1919,KCB,Braddon,1958-11-22,1975-12-13,Defeated
Davis1900,KCD,Deakin,1949-12-10,1966-10-31,Retired
Dawkins1947,5A5,Fremantle,1977-12-10,1994-02-04,Resigned
Dawkins1947,5A5,Tangney,1974-05-18,1975-12-13,Defeated
Deahm1938,LV5,Macquarie,1993-03-13,1996-03-02,Defeated
Deakin1856,009MD,Ballaarat,1901-03-29,1913-04-23,Retired
Dean1913,LLW,Robertson,1949-12-10,1964-09-30,Resigned
Dean1942,KCE,Herbert,1977-12-10,1983-03-05,Defeated
Debus1943,8IS,Macquarie,2007-11-24,2010-07-19,Retired
Dedman1896,KCF,Corio,1940-03-02,1949-12-10,Defeated
Dein1889,JUD,Lang,1931-12-19,1934-08-07,Retired
Dennis1870,KCH,Batman,1931-12-19,1934-09-15,Defeated
Devine1923,KCI,East Sydney,1963-09-28,1969-09-29,Retired
Dick1972,53517,Oxley,2016-07-02,,
Dobie1927,3G4,Cook,1969-10-25,1972-12-02,Defeated
Dobie1927,3G4,Cook,1975-12-13,1996-01-29,Retired
Dobie1927,3G4,Hughes,1966-11-26,1969-10-25,Until Elected For Cook
Dodd1953,EV5,Leichhardt,1993-03-13,1996-03-02,Defeated
Dondas1939,5M6,Northern Territory,1996-03-02,1998-10-03,Defeated
Downer1910,KCK,Angas,1949-12-10,1964-04-23,Resigned
Downer1951,4G4,Mayo,1984-12-01,2008-07-14,Resigned
Doyle1922,KCL,Lilley,1972-12-02,1974-05-18,Defeated
Drakeford1878,KCM,Maribyrnong,1934-09-15,1955-12-10,Defeated
Draper1959,0L6,Makin,1996-03-02,2007-10-17,Retired
Dreyfus1956,HWG,Isaacs,2007-11-24,,
Drum1960,56430,Murray,2016-07-02,2019-04-11,
Drum1960,56430,Nicholls,2019-05-18,,
Drummond1890,KCS,New England,1949-12-10,1963-11-01,Retired
Drummond1931,KCT,Forrest,1972-12-02,1987-06-05,Retired
Drury1911,KCU,Ryan,1949-12-10,1975-11-11,Retired
Dubois1940,5G4,St George,1984-12-01,1993-02-08,Retired
Duffy1938,6G4,Holt,1980-10-18,1996-01-29,Retired
Duncan1945,7G4,Makin,1984-12-01,1996-03-02,Defeated
DuncanHughes1882,JY7,Boothby,1922-12-16,1928-11-17,Defeated
DuncanHughes1882,JY7,Wakefield,1940-09-21,1943-08-21,Defeated
Duthie1912,KDA,Wilmot,1946-09-28,1975-12-13,Defeated
Dutton1970,00AKI,Dickson,2001-11-10,,
Easson1955,RU5,Lowe,1993-03-13,1996-03-02,Defeated
Edmonds1903,KDB,Herbert,1946-09-28,1958-11-22,Defeated
Edwards1842,KDF,Oxley,1901-03-30,1913-04-23,Retired
Edwards1855,KDD,North Sydney,1910-04-13,1911-02-04,Died
Edwards1855,KDD,South Sydney,1901-03-29,1906-11-05,Retired
Edwards1927,9G4,Berowra,1972-12-02,1993-02-08,Retired
Edwards1945,AG4,Stirling,1983-03-05,1993-03-13,Defeated
Edwards1946,83R,Cowan,1998-10-03,2007-10-17,Retired
Eggins1898,KDH,Lyne,1949-12-10,1952-01-28,Died
Einfeld1909,KDI,Phillip,1961-12-09,1963-11-30,Defeated
Eldridge1872,KDJ,Martin,1929-10-12,1931-12-19,Defeated
Ellicott1927,YF6,Wentworth,1974-05-18,1981-02-17,Resigned
Elliot1967,DZW,Richmond,2004-10-09,,
Elliott1954,6T4,Parramatta,1990-03-24,1996-03-02,Defeated
Ellis1946,5K6,Canberra,1998-10-03,2010-07-19,Retired
Ellis1946,5K6,Namadgi,1996-03-02,1998-10-03,Until Elected For Canberra
Ellis1977,DZU,Adelaide,2004-10-09,2019-04-11,Retired
Elson1947,6K6,Forde,1996-03-02,2007-10-17,Retired
Emerson1954,83V,Rankin,1998-10-03,2013-08-05,Retired
Enderby1926,8H7,Australian Capital Territory,1970-05-30,1974-05-18,Until Elected For Canberra
Enderby1926,8H7,Canberra,1974-05-18,1975-12-13,Defeated
England1911,KDN,Calare,1960-11-05,1975-11-11,Retired
Entsch1950,7K6,Leichhardt,1996-03-02,2007-10-17,Retired
Entsch1950,7K6,Leichhardt,2010-08-21,,
Erwin1917,KDO,Ballaarat,1955-12-10,1975-11-11,Retired
Evans1944,VD4,Holt,1996-03-02,1999-09-30,Resigned
Evans1981,61378,Brisbane,2016-07-02,,
EvansMartyn1953,N36,Bonython,1994-03-19,2004-10-09,Defeated
EvansRichard1953,3V5,Cowan,1993-03-13,1998-10-03,Defeated
Evatt1894,DTN,Barton,1940-09-21,1958-11-22,Until Elected For Hunter
Evatt1894,DTN,Hunter,1958-11-22,1960-02-10,Resigned
Everingham1923,KDP,Capricornia,1967-09-30,1975-12-13,Defeated
Everingham1923,KDP,Capricornia,1977-12-10,1984-10-26,Retired
Everingham1943,7R5,Northern Territory,1984-12-01,1987-06-05,Retired
Ewert1918,KDQ,Flinders,1952-10-18,1954-05-29,Defeated
Ewing1856,KDR,Richmond,1901-03-29,1910-02-19,Retired
Fadden1894,F4T,Darling Downs,1936-12-19,1949-12-10,Until Elected For Mcpherson
Fadden1894,F4T,McPherson,1949-12-10,1958-10-14,Retired
Fahey1945,HQ5,Macarthur,1996-03-02,2001-10-08,Retired
Failes1899,KDS,Lawson,1949-12-10,1969-09-29,Retired
Fairbairn1855,JYR,Fawkner,1906-12-12,1913-05-31,Defeated
Fairbairn1897,KEM,Flinders,1933-11-11,1940-08-13,Died
Fairbairn1917,KDT,Farrer,1949-12-10,1975-11-11,Retired
Fairhall1909,KEN,Paterson,1949-12-10,1969-09-29,Retired
Falconer1943,KEO,Casey,1975-12-13,1983-03-05,Defeated
Falinski1970,G86,Mackellar,2016-07-02,,
Falkinder1921,KEP,Franklin,1946-09-28,1966-10-31,Retired
Falkiner1867,KES,Hume,1917-05-05,1919-11-03,Retired
Falkiner1867,KES,Riverina,1913-05-31,1914-09-05,Defeated
Falstein1914,KEU,Watson,1940-09-21,1949-12-10,Defeated
Farmer1962,00AMO,Macarthur,2001-11-10,2010-07-19,Retired
Fatin1941,WD4,Brand,1984-12-01,1996-01-29,Retired
Fatin1941,WD4,Canning,1983-03-05,1984-12-01,Until Elected For Brand
Fawcett1963,DYU,Wakefield,2004-10-09,2007-11-24,Defeated
Feeney1970,I0O,Batman,2013-09-07,2018-02-01,Resigned
Fenton1864,KEV,Maribyrnong,1910-04-13,1934-09-15,Defeated
Ferguson1952,8T4,Reid,1990-03-24,2010-08-21,Until Elected For Werriwa
Ferguson1952,8T4,Werriwa,2010-08-21,2016-05-09,Retired
Ferguson1953,LS4,Batman,1996-03-02,2013-08-05,Retired
Ferguson1974,DYH,Bass,2004-10-09,2007-11-24,Defeated
Fife1929,CG4,Farrer,1975-12-13,1984-12-01,Until Elected For Hume
Fife1929,CG4,Hume,1984-12-01,1993-02-08,Retired
Filing1955,QT4,Moore,1990-03-24,1998-10-03,Defeated
Finlayson1867,KEX,Brisbane,1910-04-13,1919-12-13,Defeated
Fischer1946,DG4,Farrer,1984-12-01,2001-10-08,Retired
Fisher1862,F4N,Wide Bay,1901-03-30,1915-10-26,Resigned
Fisher1936,EG4,Mallee,1972-12-02,1993-02-08,Retired
Fisken1897,KEZ,Ballaarat,1934-09-15,1937-09-21,Retired
Fitzgerald1910,JZB,Phillip,1949-12-10,1955-12-10,Defeated
Fitzgibbon1936,FG4,Hunter,1984-12-01,1996-01-29,Retired
Fitzgibbon1962,8K6,Hunter,1996-03-02,,
FitzPatrick1915,KFB,Darling,1969-10-25,1977-12-10,Until Elected For Riverina
FitzPatrick1915,KFB,Riverina,1977-12-10,1980-09-19,Retired
Fleming1874,KFC,Robertson,1913-05-31,1922-12-16,Defeated
Fletcher1965,L6B,Bradfield,2009-12-05,,
Flint1978,245550,Boothby,2016-07-02,,
Foley1872,KFF,Kalgoorlie,1920-12-18,1922-12-16,Defeated
Forbes1923,KFH,Barker,1956-10-13,1975-11-11,Retired
Ford1936,RT4,Dunkley,1990-03-24,1993-03-13,Defeated
Forde1890,F4U,Capricornia,1922-12-16,1946-09-28,Defeated
Forrest1847,KFJ,Swan,1901-03-29,1918-09-02,Died
Forrest1949,NV5,Mallee,1993-03-13,2013-08-05,Retired
Foster1856,KFP,Wakefield,1909-08-28,1928-11-17,Defeated
Foster1872,KFN,New England,1906-12-12,1913-05-31,Defeated
Foster1921,KFO,Sturt,1969-10-25,1972-12-02,Defeated
Fowler1865,JWG,Perth,1901-03-29,1922-12-16,Defeated
Fox1912,JWI,Henty,1955-12-10,1974-05-18,Defeated
Foxton1849,JWJ,Brisbane,1906-12-12,1910-04-13,Defeated
Francis1873,JWQ,Kennedy,1925-11-14,1929-10-12,Defeated
Francis1881,JWN,Henty,1919-12-13,1925-10-03,Retired
Francis1890,JWT,Moreton,1922-12-16,1955-11-04,Retired
Fraser1902,JWU,Eden-Monaro,1943-08-21,1966-11-26,Defeated
Fraser1902,JWU,Eden-Monaro,1969-10-25,1972-11-02,Retired
Fraser1908,JWX,Australian Capital Territory,1951-04-28,1970-04-01,Died
Fraser1930,QS4,Wannon,1955-12-10,1983-03-31,Resigned
Frazer1880,JX9,Kalgoorlie,1903-12-16,1913-11-25,Died
Free1943,HG4,Lindsay,1984-12-01,1996-03-02,Defeated
Free1943,HG4,Macquarie,1980-10-18,1984-12-01,Until Elected For Lindsay
Freelander1953,265979,Macarthur,2016-07-02,,
Freeth1914,JXI,Forrest,1949-12-10,1969-10-25,Defeated
Frost1882,JXL,Franklin,1929-12-14,1931-12-19,Defeated
Frost1882,JXL,Franklin,1934-09-15,1946-09-28,Defeated
Fry1920,JXQ,Fraser,1974-05-18,1984-10-26,Retired
Frydenberg1971,FKL,Kooyong,2010-08-21,,
Fuller1861,JZF,Illawarra,1901-03-29,1913-05-31,Defeated
Fuller1893,JYV,Hume,1943-08-21,1949-12-10,Defeated
Fuller1893,JYV,Hume,1951-04-28,1955-12-10,Defeated
Fuller1893,JYV,Hume,1961-12-09,1963-11-30,Defeated
Fulton1909,JZP,Leichhardt,1958-11-22,1975-11-11,Retired
Fysh1835,JZT,Denison,1903-12-16,1910-02-19,Retired
Fysh1835,JZT,Tasmania,1901-03-29,1903-12-16,Until Elected For Denison
Gabb1882,K0A,Angas,1919-12-13,1925-11-14,Defeated
Gabb1882,K0A,Angas,1929-10-12,1934-08-07,Retired
Gaha1894,K0E,Denison,1943-08-21,1949-10-31,Retired
Gallus1943,CU4,Hawker,1990-03-24,1993-03-13,Until Elected For Hindmarsh
Gallus1943,CU4,Hindmarsh,1993-03-13,2004-08-31,Retired
Galvin1911,K97,Kingston,1951-04-28,1966-11-26,Defeated
Gambaro1958,9K6,Brisbane,2010-08-21,2016-05-09,Retired
Gambaro1958,9K6,Petrie,1996-03-02,2007-11-24,Defeated
Gander1888,K9A,Reid,1931-12-19,1940-09-21,Defeated
Garden1882,K9C,Cook,1934-09-15,1937-09-21,Retired
Gardner1884,K9H,Robertson,1922-12-16,1940-09-21,Defeated
Garland1934,K9L,Curtin,1969-04-19,1981-01-22,Resigned
Garrett1953,HV4,Kingsford Smith,2004-10-09,2013-08-05,Retired
Garrick1918,L6X,Batman,1969-10-25,1977-11-10,Retired
Gash1944,AK6,Gilmore,1996-03-02,2013-08-05,Retired
Gayler1943,PG4,Leichhardt,1983-03-05,1993-02-08,Retired
Gear1947,QG4,Canning,1984-12-01,1996-03-02,Defeated
Gear1947,QG4,Tangney,1983-03-05,1984-12-01,Until Elected For Canning
Gee1968,261393,Calare,2016-07-02,,
Gellibrand1872,K9S,Denison,1925-11-14,1928-11-17,Defeated
Georganas1959,DZY,Adelaide,2019-05-18,,
Georganas1959,DZY,Hindmarsh,2004-10-09,2013-09-07,Defeated
Georganas1959,DZY,Hindmarsh,2016-07-02,2019-04-11,Until Elected For Adelaide
George1947,JH5,Throsby,2001-11-10,2010-07-19,Retired
Georgiou1947,HM5,Kooyong,1994-11-19,2010-07-19,Retired
Gerick1963,83W,Canning,1998-10-03,2001-11-10,Defeated
Gibb1843,KAN,Flinders,1903-12-16,1906-12-12,Defeated
Gibbons1887,KAQ,Calare,1929-10-12,1931-12-19,Defeated
Gibbons1949,83X,Bendigo,1998-10-03,2013-08-05,Retired
Gibbs1922,KAR,Bowman,1963-11-30,1969-10-25,Defeated
Gibson1869,KAY,Corangamite,1918-12-14,1929-10-12,Defeated
Gibson1869,KAY,Corangamite,1931-12-19,1934-08-07,Retired
Gibson1935,KAU,Denison,1964-02-15,1969-09-29,Retired
Gibson1954,ST4,Moreton,1990-03-24,1996-03-02,Defeated
Giles1923,KB8,Angas,1964-06-20,1977-12-10,Until Elected For Wakefield
Giles1923,KB8,Wakefield,1977-12-10,1983-02-04,Retired
Giles1973,243609,Scullin,2013-09-07,,
Gillard1920,KBE,Macquarie,1975-12-13,1980-10-18,Defeated
Gillard1961,83L,Lalor,1998-10-03,2013-08-05,Retired
Gillespie1957,72184,Lyne,2013-09-07,,
Gilmore1908,KBF,Leichhardt,1949-12-10,1951-04-28,Defeated
Glynn1855,KCO,Angas,1903-12-16,1919-12-13,Defeated
Glynn1855,KCO,South Australia,1901-03-30,1903-12-16,Until Elected For Angas
Goodenough1975,74046,Moore,2013-09-07,,
Goodluck1933,XD4,Franklin,1975-12-13,1993-02-08,Retired
Gordon1865,KCP,Boothby,1911-11-11,1913-05-31,Defeated
Gorman1926,YG4,Chifley,1983-03-05,1984-12-01,Until Elected For Greenway
Gorman1926,YG4,Greenway,1984-12-01,1996-01-29,Retired
Gorman1984,74519,Perth,2018-07-28,,
Gorton1911,KH5,Higgins,1968-02-24,1975-11-11,Retired
Gosling1971,245392,Solomon,2016-07-02,,
Grace1931,ZG4,Fowler,1984-12-01,1998-08-31,Retired
Grace1940,ML6,Lilley,1996-03-02,1998-10-03,Defeated
Graham1919,KCQ,North Sydney,1966-11-26,1980-09-19,Retired
Graham1919,KCQ,St George,1949-12-10,1954-05-29,Defeated
Graham1919,KCQ,St George,1955-12-10,1958-11-22,Defeated
Grassby1926,8V4,Riverina,1969-10-25,1974-05-18,Defeated
Gray1908,KF5,Capricornia,1961-12-09,1967-08-02,Died
Gray1958,8W5,Brand,2007-11-24,2016-07-02,Retired
Grayden1920,KF8,Swan,1949-12-10,1954-05-29,Defeated
Green1869,KF9,Kalgoorlie,1922-12-16,1940-10-02,Died
Green1885,KFA,Richmond,1922-12-16,1937-10-23,Defeated
Greenup1902,KFD,Dalley,1953-05-09,1955-11-04,Retired
Gregory1860,KFE,Dampier,1913-05-31,1922-12-16,Until Elected For Swan
Gregory1860,KFE,Swan,1922-12-16,1940-11-15,Died
Grierson1951,00AMP,Newcastle,2001-11-10,2013-08-05,Retired
Griffin1960,VU5,Bruce,1996-03-02,2016-05-09,Retired
Griffin1960,VU5,Corinella,1993-03-13,1996-03-02,Until Elected For Bruce
Griffiths1903,KFG,Shortland,1949-12-10,1972-11-02,Retired
Griffiths1952,0H4,Maribyrnong,1983-03-05,1996-01-29,Retired
Griggs1969,220370,Solomon,2010-08-21,2016-07-02,Defeated
Groom1833,KFL,Darling Downs,1901-03-30,1901-08-08,Died
Groom1852,KFI,Flinders,1901-03-29,1903-11-23,Retired
Groom1867,KFK,Darling Downs,1901-09-14,1929-10-12,Defeated
Groom1867,KFK,Darling Downs,1931-12-19,1936-11-06,Died
Groom1944,QK5,Braddon,1975-12-13,1984-10-26,Retired
Gullett1878,KFS,Henty,1925-11-14,1940-08-13,Died
Gullett1914,KFQ,Henty,1946-03-30,1955-11-04,Retired
Gun1936,KFU,Kingston,1969-10-25,1975-12-13,Defeated
Guy1890,KFW,Bass,1929-10-12,1934-09-15,Defeated
Guy1890,KFW,Wilmot,1940-09-21,1946-09-28,Defeated
Haase1945,84T,Durack,2010-08-21,2013-08-05,Retired
Haase1945,84T,Kalgoorlie,1998-10-03,2010-08-21,Until Elected For Durack
Hadley1893,KFX,Lilley,1943-08-21,1949-12-10,Defeated
Haines1961,282335,Indi,2019-05-18,,
Halbert1910,KFZ,Moore,1958-11-22,1961-12-09,Defeated
Hale1969,HWD,Solomon,2007-11-24,2010-08-21,Defeated
Hall1874,L6Z,Werriwa,1906-12-12,1912-04-01,Resigned
Hall1928,2H4,Boothby,1981-02-21,1996-01-29,Retired
Hall1949,83N,Shortland,1998-10-03,2016-05-09,Retired
Hallett1917,KGA,Canning,1963-11-30,1974-05-18,Defeated
Halverson1937,3H4,Casey,1984-12-01,1998-08-31,Retired
Hamer1923,4H4,Isaacs,1969-10-25,1974-05-18,Defeated
Hamer1923,4H4,Isaacs,1975-12-13,1977-11-10,Retired
Hamilton1899,KGC,Canning,1949-12-10,1961-11-02,Retired
Hamilton1899,KGC,Swan,1946-09-28,1949-12-10,Until Elected For Canning
Hamilton1979,291387,Groom,2020-11-28,,
Hammond1968,80072,Curtin,2019-05-18,,
Hammond1975,80109,Perth,2016-07-02,2018-05-10,Resigned
Hampson1864,L77,Bendigo,1915-02-06,1917-05-05,Defeated
Hand1942,5H4,Melbourne,1983-03-05,1993-02-08,Retired
Handby1903,KGF,Kingston,1949-12-10,1951-04-28,Defeated
Hannan1873,KGG,Fawkner,1913-05-31,1917-05-05,Defeated
Hansen1922,KGH,Wide Bay,1961-12-09,1974-05-18,Defeated
Hanson1954,BK6,Oxley,1996-03-02,1998-10-03,Defeated
Hardgrave1960,CK6,Moreton,1996-03-02,2007-11-24,Defeated
Harding1921,KGL,Herbert,1961-12-09,1966-11-26,Defeated
Harper1842,KNI,Mernda,1901-03-29,1913-04-23,Retired
Harris1937,KNK,Chisholm,1980-10-18,1983-03-05,Defeated
Harrison1880,KNT,Bendigo,1931-12-19,1937-09-21,Retired
Harrison1892,KNX,Wentworth,1931-12-19,1956-10-17,Resigned
Harrison1903,KNM,Blaxland,1949-12-10,1969-09-29,Retired
Hart1960,263070,Bass,2016-07-02,2019-05-18,
Hartnoll1841,KNY,Tasmania,1902-03-26,1903-12-16,Defeated
Hartsuyker1959,00AMM,Cowper,2001-11-10,2019-04-11,Retired
Harvey1946,7H4,Hawker,1987-07-11,1990-03-24,Defeated
Haslem1939,KOB,Canberra,1975-12-13,1980-10-18,Defeated
Hasluck1905,ZL6,Curtin,1949-12-10,1969-02-10,Resigned
Hastie1982,260805,Canning,2015-09-19,,
Hatton1951,LN6,Blaxland,1996-06-15,2007-10-17,Retired
Haviland1952,TU5,Macarthur,1993-03-13,1996-01-29,Retired
Hawke1929,YD4,Wills,1980-10-18,1992-02-20,Resigned
Hawke1977,HWO,Mitchell,2007-11-24,,
Hawker1894,KOC,Wakefield,1929-10-12,1938-10-25,Died
Hawker1949,8H4,Wannon,1983-05-07,2010-07-19,Retired
Haworth1905,KGP,Isaacs,1949-12-10,1969-09-29,Retired
Hay1865,KGV,New England,1919-12-13,1922-12-16,Defeated
Hayden1933,RK4,Oxley,1961-12-09,1988-08-17,Resigned
Hayes1955,ECV,Fowler,2010-08-21,,
Hayes1955,ECV,Werriwa,2005-03-19,2010-08-21,Until Elected For Fowler
Haylen1898,KGX,Parkes,1943-08-21,1963-11-30,Defeated
Hedges1856,KGZ,Fremantle,1906-12-12,1913-05-31,Defeated
Heitmann1878,KH8,Kalgoorlie,1917-05-05,1919-12-13,Defeated
Henderson1964,ZN4,Corangamite,2013-09-07,2019-05-18,Defeated
Hendy1962,00BCM,Eden-Monaro,2013-09-07,2016-07-02,Defeated
Henry1946,E0L,Hasluck,2004-10-09,2007-11-24,Defeated
Henzell1948,ZU5,Capricornia,1993-03-13,1996-03-02,Defeated
Hewson1914,KHA,McMillan,1972-12-02,1975-12-13,Defeated
Hewson1946,9H4,Wentworth,1987-07-11,1995-02-28,Resigned
Hicks1940,AH4,Riverina,1980-10-18,1984-12-01,Until Elected For Riverina-Darling
Hicks1940,AH4,Riverina,1993-03-13,1998-08-31,Retired
Hicks1940,AH4,Riverina-Darling,1984-12-01,1993-03-13,Until Elected For Riverina
Higgins1851,KHC,Northern Melbourne,1901-03-29,1906-10-13,Resigned
Higgs1862,KHE,Capricornia,1910-04-13,1922-12-16,Defeated
Hill1866,KHG,Echuca,1919-09-20,1934-08-07,Retired
Hill1973,86256,Bruce,2016-07-02,,
Hoare1963,83Y,Charlton,1998-10-03,2007-10-17,Retired
Hockey1965,DK6,North Sydney,1996-03-02,2015-10-23,Resigned
Hodges1937,00ATA,Petrie,1974-05-18,1983-03-05,Defeated
Hodges1937,00ATA,Petrie,1984-12-01,1987-07-11,Defeated
Hodgman1938,BV4,Denison,1975-12-13,1987-07-11,Defeated
Hogan1963,218019,Page,2013-09-07,,
Holder1850,KHI,South Australia,1901-03-30,1903-12-16,Until Elected For Wakefield
Holder1850,KHI,Wakefield,1903-12-16,1909-07-23,Died
Holding1931,CH4,Melbourne Ports,1977-12-10,1998-08-31,Retired
Hollis1938,DH4,Macarthur,1983-03-05,1984-12-01,Until Elected For Throsby
Hollis1938,DH4,Throsby,1984-12-01,2001-10-08,Retired
Holloway1875,KHL,Flinders,1929-10-12,1931-12-19,Until Elected For Melbourne Ports
Holloway1875,KHL,Melbourne Ports,1931-12-19,1951-03-19,Retired
Holman1871,KHO,Martin,1931-12-19,1934-06-05,Died
Holt1908,009MC,Fawkner,1935-08-17,1949-12-10,Until Elected For Higgins
Holt1908,009MC,Higgins,1949-12-10,1967-12-19,Presumed Dead
Holt1914,KHQ,Darebin,1955-12-10,1958-10-14,Retired
Holten1922,KHS,Indi,1958-11-22,1977-12-10,Defeated
Horne1939,UU5,Paterson,1993-03-13,1996-03-02,Defeated
Horne1939,UU5,Paterson,1998-10-03,2001-11-10,Defeated
Howard1939,ZD4,Bennelong,1974-05-18,2007-11-24,Defeated
Howarth1972,247742,Petrie,2013-09-07,,
Howe1861,KHU,Dalley,1910-04-13,1915-04-02,Died
Howe1936,EH4,Batman,1977-12-10,1996-01-29,Retired
Howroyd1867,KHW,Darwin,1917-05-05,1917-05-10,Died
Howse1863,KI7,Calare,1922-12-16,1929-10-12,Defeated
Howse1913,KHY,Calare,1946-09-28,1960-09-28,Resigned
Howson1919,0095J,Casey,1969-10-25,1972-12-02,Defeated
Howson1919,0095J,Fawkner,1955-12-10,1969-10-25,Until Elected For Casey
Hughes1862,DQC,Bendigo,1917-05-05,1922-12-16,Until Elected For North Sydney
Hughes1862,DQC,Bradfield,1949-12-10,1952-10-28,Died
Hughes1862,DQC,North Sydney,1922-12-16,1949-12-10,Until Elected For Bradfield
Hughes1862,DQC,West Sydney,1901-03-29,1917-05-05,Until Elected For Bendigo
Hughes1923,IIS,Berowra,1969-10-25,1972-11-02,Retired
Hughes1923,IIS,Parkes,1963-11-30,1969-10-25,Until Elected For Berowra
Hull1954,83O,Riverina,1998-10-03,2010-07-19,Retired
Hulls1957,TT4,Kennedy,1990-03-24,1993-03-13,Defeated
Hulme1907,KIF,Petrie,1949-12-10,1961-12-09,Defeated
Hulme1907,KIF,Petrie,1963-11-30,1972-11-02,Retired
HumeCook1866,K4I,Bourke,1901-03-29,1910-04-13,Defeated
Humphreys1934,FH4,Griffith,1977-12-10,1996-01-29,Retired
Hunt1928,GH4,Gwydir,1969-06-07,1989-02-24,Resigned
Hunt1965,00AMV,Flinders,2001-11-10,,
Hunter1882,KIO,Maranoa,1921-07-30,1940-08-27,Retired
Hurford1931,AV4,Adelaide,1969-10-25,1987-12-31,Resigned
Hurry1868,KIR,Bendigo,1922-12-16,1929-10-12,Defeated
Husar1980,263328,Lindsay,2016-07-02,2019-04-11,Retired
Husic1970,91219,Chifley,2010-08-21,,
Hutchin1887,KIU,Denison,1931-12-19,1934-09-15,Defeated
Hutchinson1904,KIX,Deakin,1937-10-23,1949-10-31,Retired
Hutchinson1904,KIX,Indi,1931-12-19,1937-10-23,Until Elected For Deakin
Hutchinson1965,212585,Lyons,2013-09-07,2016-07-02,Defeated
Hutchison1859,KJ8,Hindmarsh,1903-12-16,1909-12-06,Died
Hyde1936,9W4,Moore,1974-05-18,1983-03-05,Defeated
Innes1925,KJA,Melbourne,1972-12-02,1983-02-04,Retired
Irons1958,HYM,Swan,2007-11-24,,
Irvine1856,KJC,Grampians,1906-12-12,1914-09-05,Defeated
Irvine1858,KJE,Flinders,1906-12-12,1918-04-05,Resigned
Irwin1898,KJG,Mitchell,1963-11-30,1972-12-02,Defeated
Irwin1951,83Z,Fowler,1998-10-03,2010-07-19,Retired
Isaacs1855,KJI,Indi,1901-03-29,1906-10-12,Resigned
Jack1892,KJK,North Sydney,1949-12-10,1966-10-31,Retired
Jackson1889,KJM,Bass,1919-12-13,1929-10-12,Defeated
Jackson1962,00AN2,Hasluck,2001-11-10,2004-10-09,Defeated
Jackson1962,00AN2,Hasluck,2007-11-24,2010-08-21,Defeated
Jacobi1928,CV4,Hawker,1969-10-25,1987-06-05,Retired
Jakobsen1947,0E4,Cowan,1984-12-01,1993-03-13,Defeated
James1885,KJQ,Hunter,1928-11-17,1958-10-14,Retired
James1914,KJO,Hunter,1960-04-09,1980-09-19,Retired
Jarman1923,KJU,Deakin,1966-11-26,1983-03-05,Defeated
Jeanes1958,EK6,Kingston,1996-03-02,1998-10-03,Defeated
Jenkins1925,DRW,Scullin,1969-10-25,1985-12-20,Resigned
Jenkins1952,HH4,Scullin,1986-02-08,2013-08-05,Retired
Jennings1878,KK7,South Sydney,1931-12-19,1934-09-15,Until Elected For Watson
Jennings1878,KK7,Watson,1934-09-15,1940-09-21,Defeated
Jensen1865,KK9,Bass,1910-04-13,1919-12-13,Defeated
Jensen1962,DYN,Tangney,2004-10-09,2016-07-02,Defeated
Jess1922,KKB,La Trobe,1960-04-09,1972-12-02,Defeated
Jessop1927,KKD,Grey,1966-11-26,1969-10-25,Defeated
Johns1952,JH4,Petrie,1987-07-11,1996-03-02,Defeated
Johnson1862,K99,Lang,1903-12-16,1928-11-17,Defeated
Johnson1871,K9R,Robertson,1910-04-13,1913-05-31,Defeated
Johnson1889,K9G,Kalgoorlie,1940-11-16,1958-10-14,Retired
Johnson1924,K9M,Hughes,1955-12-10,1966-11-26,Defeated
Johnson1924,K9M,Hughes,1969-10-25,1983-12-19,Resigned
Johnson1929,K9J,Burke,1969-10-25,1980-09-19,Retired
Johnson1943,K9O,Brisbane,1975-12-13,1980-10-18,Defeated
Johnson1970,00AMX,Ryan,2001-11-10,2010-08-21,Defeated
Johnston1930,K9V,Hotham,1977-12-10,1980-10-18,Defeated
Johnston1943,NL6,Canning,1996-03-02,1998-10-03,Defeated
Jolley1874,KA7,Grampians,1914-09-05,1915-01-01,Died
Jolly1882,KA9,Lilley,1937-10-23,1943-08-21,Defeated
Jones1878,KDW,Indi,1928-11-17,1931-12-19,Defeated
Jones1917,KDV,Newcastle,1958-11-22,1983-02-04,Retired
Jones1944,KAB,Adelaide,1966-11-26,1969-10-25,Defeated
Jones1960,96430,Herbert,2010-08-21,2016-07-02,Defeated
Jones1965,A9B,Throsby,2010-08-21,2016-07-02,Until Elected For Whitlam
Jones1965,A9B,Whitlam,2016-07-02,,
JonesBarry1932,KH4,Lalor,1977-12-10,1998-08-31,Retired
Joshua1906,KDX,Ballaarat,1951-04-28,1955-12-10,Defeated
Joske1895,KDY,Balaclava,1951-07-28,1960-06-02,Resigned
Jowett1858,KDZ,Grampians,1917-10-27,1922-12-16,Defeated
Joyce1967,E5D,New England,2013-09-07,2017-10-27,Disqualification
Joyce1967,E5D,New England,2017-12-02,,
Jull1944,MH4,Bowman,1975-12-13,1983-03-05,Defeated
Jull1944,MH4,Fadden,1984-12-01,2007-10-17,Retired
Katter1918,1V5,Kennedy,1966-11-26,1990-02-19,Retired
Katter1945,HX4,Kennedy,1993-03-13,,
Keane1881,KE4,Bendigo,1929-10-12,1931-12-19,Defeated
Kearney1903,KE7,Cunningham,1956-04-11,1963-11-01,Retired
Kearney1963,LTU,Batman,2018-03-17,2019-04-11,
Kearney1963,LTU,Cooper,2019-05-18,,
Keating1944,NH4,Blaxland,1969-10-25,1996-04-23,Resigned
Keay1975,262273,Braddon,2016-07-02,2019-05-10,Resigned
Keay1975,262273,Braddon,2018-07-28,2019-05-18,Defeated
Keenan1972,E0J,Stirling,2004-10-09,2019-04-11,
Kekwick1910,KE8,Bass,1949-12-10,1954-05-29,Defeated
Kelly1877,KEA,Wentworth,1903-12-16,1919-11-03,Retired
Kelly1912,009MM,Wakefield,1958-11-22,1977-11-10,Retired
Kelly1948,OH4,Canberra,1980-10-18,1995-01-30,Resigned
Kelly1954,FK6,Dawson,1996-03-02,2007-11-24,Defeated
Kelly1960,HRI,Eden-Monaro,2007-11-24,2013-09-07,Defeated
Kelly1960,HRI,Eden-Monaro,2016-07-02,2020-04-30,
Kelly1963,99931,Hughes,2010-08-21,,
Kelly1964,GK6,Lindsay,1996-03-02,1996-09-11,Voided
Kelly1964,GK6,Lindsay,1996-10-19,2007-10-17,Retired
Kemp1941,BT4,Goldstein,1990-03-24,2004-08-31,Retired
Kendell1851,KEB,Corio,1913-05-31,1914-09-05,Defeated
Kennedy1860,KED,Moira,1901-03-29,1906-12-12,Defeated
Kennedy1940,KEC,Bendigo,1969-06-07,1972-12-02,Defeated
Kent1927,PH4,Hotham,1980-10-18,1990-03-24,Defeated
KentHughes1895,KEE,Chisholm,1949-12-10,1970-07-31,Died
Keogh1931,KEI,Bowman,1969-10-25,1975-12-13,Defeated
Keogh1931,KEI,Bowman,1983-03-05,1987-06-05,Retired
Keogh1981,249147,Burt,2016-07-02,,
Keon1915,KEJ,Yarra,1949-12-10,1955-12-10,Defeated
Kerby1885,KEK,Ballaarat,1919-12-13,1920-06-02,Voided
Kerin1937,QH4,Macarthur,1972-12-02,1975-12-13,Defeated
Kerin1937,QH4,Werriwa,1978-09-23,1993-12-22,Resigned
Kernot1948,XW4,Dickson,1998-10-03,2001-11-10,Defeated
Kerr1952,RH4,Denison,1987-07-11,2010-07-19,Retired
Khalil1973,101351,Wills,2016-07-02,,
Killen1860,KEQ,Riverina,1922-12-16,1931-11-27,Retired
Killen1925,4U4,Moreton,1955-12-10,1983-08-15,Resigned
King1920,KET,Wimmera,1958-11-22,1977-11-10,Retired
King1952,00AMQ,Wentworth,2001-11-10,2004-10-09,Defeated
King1966,00AMR,Ballarat,2001-11-10,,
King1973,102376,Brand,2016-07-02,,
Kingston1850,KEW,Adelaide,1903-12-16,1908-05-11,Died
Kingston1850,KEW,South Australia,1901-03-30,1903-12-16,Until Elected For Adelaide
Kirwan1869,KYR,Kalgoorlie,1901-03-29,1903-12-16,Defeated
Kirwan1937,KGN,Forrest,1969-10-25,1972-12-02,Defeated
Klugman1924,SH4,Prospect,1969-10-25,1990-02-19,Retired
Knott1956,GV5,Gilmore,1993-03-13,1996-03-02,Defeated
Knox1850,KYT,Kooyong,1901-03-29,1910-07-26,Resigned
Lacey1887,KZ6,Grey,1922-12-16,1931-12-19,Defeated
Lamb1939,JG4,La Trobe,1972-12-02,1975-12-13,Defeated
Lamb1939,JG4,Streeton,1984-12-01,1990-03-24,Defeated
Lamb1972,265975,Longman,2016-07-02,2018-05-10,Resigned
Lamb1972,265975,Longman,2018-07-28,2019-05-18,Defeated
Lambert1881,KZ8,West Sydney,1921-09-03,1928-09-06,Died
Laming1966,E0H,Bowman,2004-10-09,,
Lamond1865,KZC,Illawarra,1917-05-05,1922-12-16,Defeated
Landry1962,249764,Capricornia,2013-09-07,,
Lane1873,KZF,Barton,1931-12-19,1940-09-21,Defeated
Lang1876,KZJ,Reid,1946-09-28,1949-12-10,Defeated
Langmore1939,KG4,Fraser,1984-12-01,1996-12-06,Resigned
Langtry1880,KZN,Riverina,1940-09-21,1949-12-10,Defeated
Latham1877,KZO,Kooyong,1922-12-16,1934-08-07,Retired
Latham1961,K26,Werriwa,1994-01-29,2005-01-21,Resigned
Laundy1971,247130,Reid,2013-09-07,2019-04-11,
Lavarch1961,LG4,Dickson,1993-04-17,1996-03-02,Defeated
Lavarch1961,LG4,Fisher,1987-07-11,1993-04-17,Until Elected For Dickson
Lavelle1887,KZU,Calare,1919-12-13,1922-12-16,Defeated
Lawler1961,834,Parkes,1998-10-03,2001-10-08,Retired
Lawrence1906,KZW,Wimmera,1949-12-10,1958-11-22,Defeated
Lawrence1948,XS4,Fremantle,1994-03-12,2007-10-17,Retired
Lawson1880,KZX,Brisbane,1931-12-19,1961-11-02,Retired
Lawson1897,KZZ,Macquarie,1931-12-19,1940-09-21,Defeated
Lazzarini1894,L07,Werriwa,1919-12-13,1931-12-19,Defeated
Lazzarini1894,L07,Werriwa,1934-09-15,1952-10-01,Died
Leckie1872,KR9,Indi,1917-05-05,1919-12-13,Defeated
Lee1856,L0R,Cowper,1903-12-16,1906-12-12,Defeated
Lee1920,L0U,Lalor,1966-11-26,1969-10-25,Defeated
Lee1957,MG4,Dobell,1984-12-01,2001-11-10,Defeated
Leeser1976,109556,Berowra,2016-07-02,,
Leigh1972,BU8,Fenner,2016-07-02,,
Leigh1972,BU8,Fraser,2010-08-21,2016-07-02,Until Elected For Fenner
Lemmon1908,L0X,Forrest,1943-08-21,1949-12-10,Defeated
Lemmon1908,L0X,St George,1954-05-29,1955-12-10,Defeated
Leslie1900,L19,Moore,1949-12-10,1958-11-22,Defeated
Leslie1900,L19,Moore,1961-12-09,1963-11-01,Retired
Lewis1882,L1C,Corio,1929-10-12,1931-12-19,Defeated
Ley1879,L1G,Barton,1925-11-14,1928-11-17,Defeated
Ley1961,00AMN,Farrer,2001-11-10,,
Liddell1862,L1H,Hunter,1903-12-16,1910-04-13,Defeated
Lieberman1938,XU5,Indi,1993-03-13,2001-10-08,Retired
Lindsay1905,L1I,Flinders,1954-05-29,1966-10-31,Retired
Lindsay1942,OG4,Herbert,1983-03-05,1996-03-02,Defeated
Lindsay1944,HK6,Herbert,1996-03-02,2010-07-19,Retired
Lister1875,L1J,Corio,1917-05-05,1929-10-12,Defeated
Littleproud1976,265585,Maranoa,2016-07-02,,
Liu1964,282918,Chisholm,2019-05-18,,
Livermore1969,83A,Capricornia,1998-10-03,2013-08-05,Retired
Livingston1856,KI9,Barker,1906-12-12,1922-11-06,Retired
Lloyd1937,2E4,Murray,1971-03-20,1996-01-29,Retired
Lloyd1954,IK6,Robertson,1996-03-02,2007-11-24,Defeated
Long1885,KIB,Lang,1928-11-17,1931-12-19,Defeated
Lonsdale1843,KIC,New England,1903-12-16,1906-12-12,Defeated
Luchetti1904,KID,Macquarie,1951-07-28,1975-11-11,Retired
Luck1900,KIE,Braddon,1955-12-10,1958-11-22,Defeated
Luck1900,KIE,Darwin,1951-04-28,1955-12-10,Until Elected For Braddon
Lucock1916,KIH,Lyne,1952-03-22,1980-09-19,Retired
Lusher1945,KIK,Hume,1974-05-18,1984-12-01,Defeated
Lynch1862,KIL,Werriwa,1914-09-05,1919-12-13,Defeated
Lynch1933,KIM,Flinders,1966-11-26,1982-10-22,Resigned
Lyne1844,KIN,Hume,1901-03-29,1913-05-31,Defeated
Lyons1879,F4O,Wilmot,1929-10-12,1939-04-07,Died
Lyons1897,J7U,Darwin,1943-08-21,1951-03-19,Retired
Lyons1953,M38,Bass,2010-08-21,2013-09-07,Defeated
MacdonaldPaterson1844,KIQ,Brisbane,1901-03-30,1903-12-16,Defeated
Macfarlane1955,WN6,Groom,1998-10-03,2016-05-09,Retired
Mack1933,AT4,North Sydney,1990-03-24,1996-01-29,Retired
Mackay1872,KIT,Lilley,1917-05-05,1934-08-07,Retired
Mackay1919,KIW,Evans,1963-11-30,1972-12-02,Defeated
MacKellar1938,0I4,Warringah,1969-10-25,1994-02-18,Resigned
MacKenzie1941,KKT,Calare,1975-12-13,1983-03-05,Defeated
Mackinnon1903,KKU,Corangamite,1953-08-29,1966-10-31,Retired
Mackinnon1903,KKU,Wannon,1949-12-10,1951-04-28,Defeated
Macklin1953,PG6,Jagajaga,1996-03-02,2019-04-11,Retired
Macphee1938,6I4,Balaclava,1974-05-18,1984-12-01,Until Elected For Goldstein
Macphee1938,6I4,Goldstein,1984-12-01,1990-02-19,Retired
MacTiernan1953,L6P,Perth,2013-09-07,2016-05-09,Retired
Maher1936,GP4,Lowe,1982-03-13,1987-07-11,Defeated
Mahon1857,KLB,Coolgardie,1901-03-29,1913-05-31,Defeated
Mahon1857,KLB,Kalgoorlie,1913-12-22,1917-05-05,Defeated
Mahon1857,KLB,Kalgoorlie,1919-12-13,1920-11-12,Expelled
Mahoney1892,KLC,Denison,1934-09-15,1940-09-21,Defeated
Mahony1877,KLG,Dalley,1915-05-06,1927-01-18,Resigned
Maisey1915,KLJ,Moore,1963-11-30,1974-05-18,Defeated
Makin1889,KLL,Bonython,1955-12-10,1963-11-01,Retired
Makin1889,KLL,Hindmarsh,1919-12-13,1946-08-14,Resigned
Makin1889,KLL,Sturt,1954-05-29,1955-12-10,Until Elected For Bonython
Maloney1854,KLM,Melbourne,1904-03-30,1940-08-27,Retired
Manifold1867,KMM,Corangamite,1901-03-29,1903-11-23,Retired
Manifold1867,KMM,Corangamite,1913-05-31,1918-10-23,Died
Mann1874,KMQ,Perth,1922-12-16,1929-10-12,Defeated
Manning1872,KMS,Macquarie,1922-12-16,1928-11-17,Defeated
Marek1964,LK6,Capricornia,1996-03-02,1998-10-03,Defeated
Marino1954,HWP,Forrest,2007-11-24,,
Marks1875,KMU,Wentworth,1919-12-13,1931-12-19,Defeated
Markus1958,E07,Greenway,2004-10-09,2010-08-21,Until Elected For Macquarie
Markus1958,E07,Macquarie,2010-08-21,2016-07-02,Defeated
Marles1967,HWQ,Corio,2007-11-24,,
Marr1880,KMW,Parkes,1919-12-13,1929-10-12,Defeated
Marr1880,KMW,Parkes,1931-01-31,1943-08-21,Defeated
Martens1874,KMZ,Herbert,1928-11-17,1946-08-16,Retired
Martin1920,KN9,Banks,1969-10-25,1980-09-19,Retired
Martin1948,8I4,Cunningham,1993-03-13,2002-08-16,Resigned
Martin1948,8I4,Macarthur,1984-12-01,1993-03-13,Until Elected For Cunningham
Martin1977,282982,Reid,2019-05-18,,
Martyr1932,KNA,Swan,1975-12-13,1980-10-18,Defeated
Marwick1895,KNC,Swan,1940-12-21,1943-08-21,Defeated
MassyGreene1874,KNF,Richmond,1910-04-13,1922-12-16,Defeated
Matheson1958,M2V,Macarthur,2010-08-21,2016-07-02,Defeated
Mathews1865,KNH,Melbourne Ports,1906-12-12,1931-11-27,Retired
Mathews1935,KOE,Casey,1972-12-02,1975-12-13,Defeated
Mauger1857,KNJ,Maribyrnong,1906-12-12,1910-04-13,Defeated
Mauger1857,KNJ,Melbourne Ports,1901-03-29,1906-12-12,Until Elected For Maribyrnong
Maxwell1859,KNP,Fawkner,1917-05-05,1935-06-25,Died
May1950,83B,McPherson,1998-10-03,2010-07-19,Retired
Mayer1932,KOH,Chisholm,1983-03-05,1987-07-11,Defeated
McArthur1937,VH4,Corangamite,1984-02-18,2007-11-24,Defeated
McBain1982,281988,Eden-Monaro,2020-07-04,,
McBride1892,KOL,Grey,1931-12-19,1937-09-21,Retired
McBride1892,KOL,Wakefield,1946-09-28,1958-10-14,Retired
McBride1975,248353,Dobell,2016-07-02,,
McCall1908,KOQ,Martin,1934-09-15,1943-08-21,Defeated
McCay1864,KPM,Corinella,1901-03-29,1906-12-12,Defeated
McClelland1875,KPN,Wimmera,1931-12-19,1937-10-23,Defeated
McClelland1958,JK6,Barton,1996-03-02,2013-08-05,Retired
McColl1844,KQ4,Echuca,1901-03-29,1906-11-05,Retired
McColm1914,KQJ,Bowman,1949-12-10,1961-12-09,Defeated
McCormack1964,219646,Riverina,2010-08-21,,
McDonald1861,KQP,Kennedy,1901-03-30,1925-11-13,Died
McDonald1872,KQS,Barton,1922-12-16,1925-11-14,Defeated
McDonald1888,KQK,Corangamite,1940-09-21,1953-06-10,Died
McDougall1867,KQT,Wannon,1906-12-12,1913-05-31,Defeated
McDougall1946,KK6,Griffith,1996-03-02,1998-10-03,Defeated
McEacharn1852,KQU,Melbourne,1901-03-29,1903-12-16,Voided
McEwen1900,009MB,Echuca,1934-09-15,1937-10-23,Until Elected For Indi
McEwen1900,009MB,Indi,1937-10-23,1949-12-10,Until Elected For Murray
McEwen1900,009MB,Murray,1949-12-10,1971-02-01,Resigned
McFarlane1944,83C,Stirling,1998-10-03,2004-10-09,Defeated
McGauran1955,XH4,Gippsland,1983-03-05,2008-04-09,Resigned
McGowan1953,123674,Indi,2013-09-07,2019-04-11,Retired
McGrath1872,KRD,Ballaarat,1913-05-31,1919-12-13,Defeated
McGrath1872,KRD,Ballaarat,1920-07-10,1934-07-31,Died
McGuren1909,KRF,Cowper,1961-12-09,1963-11-30,Defeated
McHugh1892,KRH,Wakefield,1938-12-10,1940-09-21,Defeated
McHugh1934,ZH4,Grayndler,1993-03-13,1996-01-29,Retired
McHugh1934,ZH4,Phillip,1983-03-05,1993-03-13,Until Elected For Grayndler
McIntosh1977,281513,Lindsay,2019-05-18,,
McIvor1900,KRK,Gellibrand,1955-12-10,1972-11-02,Retired
McKenzie1933,232251,Diamond Valley,1972-12-02,1975-12-13,Defeated
McKew1953,BP4,Bennelong,2007-11-24,2010-08-21,Defeated
McLachlan1936,HT4,Barker,1990-03-24,1998-08-31,Retired
McLean1840,KRO,Gippsland,1901-03-29,1906-12-12,Defeated
McLean1863,KRP,Lang,1901-03-29,1903-11-23,Retired
McLean1944,KRR,Perth,1975-12-13,1983-03-05,Defeated
McLeay1893,KSC,Boothby,1949-12-10,1966-10-31,Retired
McLeay1922,KSB,Boothby,1966-11-26,1981-01-22,Resigned
McLeay1945,4I4,Grayndler,1979-06-23,1993-03-13,Until Elected For Watson
McLeay1945,4I4,Watson,1993-03-13,2004-08-31,Retired
McLeod1892,KSD,Wannon,1940-09-21,1949-12-10,Defeated
McLeod1892,KSD,Wannon,1951-04-28,1955-11-04,Retired
McMahon1908,009MA,Lowe,1949-12-10,1982-01-04,Resigned
McMahon1930,KSF,Sydney,1975-12-13,1983-02-04,Retired
McMillan1850,L2G,Wentworth,1901-03-29,1903-11-23,Retired
McMullan1947,5I4,Canberra,1996-03-02,1998-10-03,Until Elected For Fraser
McMullan1947,5I4,Fraser,1998-10-03,2010-07-19,Retired
McNamara1964,241589,Dobell,2013-09-07,2016-07-02,Defeated
McNeill1868,JT7,Wannon,1922-12-16,1925-11-14,Defeated
McNeill1868,JT7,Wannon,1929-10-12,1931-12-19,Defeated
McNeill1921,JT8,Canning,1961-12-09,1963-11-30,Defeated
McNicoll1877,JTB,Werriwa,1931-12-19,1934-09-14,Resigned
McTiernan1892,JUR,Parkes,1929-10-12,1930-12-19,Resigned
McVeigh1930,JUS,Darling Downs,1972-12-02,1984-12-01,Until Elected For Groom
McVeigh1930,JUS,Groom,1984-12-01,1988-02-29,Resigned
McVeigh1965,125865,Groom,2016-07-02,2020-09-18,Resigned
McWilliams1856,JUV,Franklin,1903-12-16,1922-12-16,Defeated
McWilliams1856,JUV,Franklin,1928-11-17,1929-10-22,Died
Melham1954,4T4,Banks,1990-03-24,2013-09-07,Defeated
Menzies1894,N76,Kooyong,1934-09-15,1966-02-17,Resigned
Mildren1932,AI4,Ballarat,1980-10-18,1990-03-24,Defeated
Miles1947,BI4,Braddon,1984-12-01,1998-10-03,Defeated
Millar1925,CI4,Wide Bay,1974-05-18,1990-02-19,Retired
Milton1928,DI4,La Trobe,1980-10-18,1990-03-24,Defeated
Minogue1893,JUX,West Sydney,1949-12-10,1969-06-26,Retired
Mirabella1968,00AMU,Indi,2001-11-10,2013-09-07,Defeated
MitchellBrian1967,129164,Lyons,2016-07-02,,
MitchellRobert1967,M3E,McEwen,2010-08-21,,
Moloney1876,L4X,Hume,1919-12-13,1931-12-19,Defeated
Moloney1876,L4X,Indi,1910-04-13,1913-05-31,Defeated
Moloney1876,L4X,Indi,1914-09-05,1917-05-05,Defeated
Monaghan1921,JV8,Evans,1961-12-09,1963-11-30,Defeated
Moore1936,EI4,Ryan,1975-12-13,2001-02-05,Resigned
Morgan1881,JV9,Darling Downs,1929-10-12,1931-12-19,Defeated
Morgan1897,JVA,Reid,1940-09-21,1946-09-28,Defeated
Morgan1897,JVA,Reid,1949-12-10,1958-11-22,Defeated
Morris1932,HI4,Shortland,1972-12-02,1998-08-31,Retired
Morris1940,FI4,Newcastle,1983-03-05,2001-10-08,Retired
Morrison1928,009DB,St George,1969-10-25,1975-12-13,Defeated
Morrison1928,009DB,St George,1980-10-18,1984-10-26,Retired
Morrison1968,E3L,Cook,2007-11-24,,
Mortimer1912,JVB,Grey,1963-06-01,1966-11-26,Defeated
Morton1981,265931,Tangney,2016-07-02,,
Mossfield1935,MK6,Greenway,1996-03-02,2004-08-31,Retired
Mountford1933,JVD,Banks,1980-10-18,1990-02-19,Retired
Mountjoy1906,JVH,Swan,1943-08-21,1946-09-28,Defeated
Moylan1944,4V5,Pearce,1993-03-13,2013-08-05,Retired
Mulcahy1882,JVJ,Lang,1934-09-15,1953-07-13,Died
Mulder1928,JVK,Evans,1972-12-02,1975-12-13,Defeated
Mulino1969,132880,Fraser,2019-05-18,,
Mullens1896,JVM,Gellibrand,1949-12-10,1955-12-10,Defeated
Munro1930,JVO,Eden-Monaro,1966-11-26,1969-10-25,Defeated
Murphy1950,83D,Lowe,1998-10-03,2010-08-21,Until Elected For Reid
Murphy1950,83D,Reid,2010-08-21,2013-09-07,Defeated
Murphy1973,133646,Dunkley,2019-05-18,,
Murray1915,JVQ,Herbert,1958-11-22,1961-12-09,Defeated
Mutch1956,NK6,Cook,1996-03-02,1998-08-31,Retired
Nairn1879,JVR,Perth,1929-10-12,1943-08-21,Defeated
Nairn1951,OK6,Eden-Monaro,1996-03-02,2007-11-24,Defeated
Neal1963,B36,Robertson,2007-11-24,2010-07-19,Retired
Nehl1934,AE4,Cowper,1984-12-01,2001-10-08,Retired
Neil1944,JVS,St George,1975-12-13,1980-10-18,Defeated
Nelson1881,JVT,Northern Territory,1922-12-16,1934-09-15,Defeated
Nelson1908,JVU,Northern Territory,1949-12-10,1966-10-31,Retired
Nelson1958,RW5,Bradfield,1996-03-02,2009-10-19,Resigned
Neumann1961,HVO,Blair,2007-11-24,,
Neville1940,KV5,Hinkler,1993-03-13,2013-08-05,Retired
Newell1952,9U4,Richmond,1990-03-24,1996-03-02,Defeated
Newman1933,JVV,Bass,1975-06-28,1984-10-26,Retired
Nicholls1885,K4W,Macquarie,1917-05-05,1922-12-16,Defeated
Nicholls1917,K4U,Bonython,1963-11-30,1977-09-30,Resigned
Nikolic1961,137174,Bass,2013-09-07,2016-07-02,Defeated
Nixon1928,009OD,Gippsland,1961-12-09,1983-02-04,Retired
Nock1879,K4X,Riverina,1931-12-19,1940-09-21,Defeated
Nott1888,K4Y,Australian Capital Territory,1949-12-10,1951-04-28,Defeated
Nott1888,K4Y,Herbert,1925-11-14,1928-11-17,Defeated
Nugent1938,UT4,Aston,1990-03-24,2001-04-24,Died
Oakeshott1969,IYS,Lyne,2008-09-06,2013-08-05,Retired
OBrien1926,K4Z,Petrie,1961-12-09,1963-11-30,Defeated
OBrien1972,265991,Wide Bay,2016-07-02,,
OBrien1974,138932,Fairfax,2016-07-02,,
OByrne1968,84S,Bass,1998-10-03,2004-10-09,Defeated
OConnor1910,K58,Dalley,1955-12-10,1969-09-29,Retired
OConnor1910,K58,Martin,1949-12-10,1955-12-10,Until Elected For Dalley
OConnor1910,K58,West Sydney,1946-09-28,1949-12-10,Until Elected For Martin
OConnor1947,WU5,Corio,1993-03-13,2007-11-24,Defeated
OConnor1962,00AN3,Burke,2001-11-10,2004-10-09,Until Elected For Gorton
OConnor1962,00AN3,Gorton,2004-10-09,,
ODowd1950,139441,Flynn,2010-08-21,,
ODwyer1977,LKU,Higgins,2009-12-05,2019-04-11,
OKeefe1864,JZ9,Denison,1922-12-16,1925-11-14,Defeated
OKeefe1912,K5A,Paterson,1969-10-25,1984-10-26,Retired
OKeefe1947,CE4,Burke,1984-12-01,2001-10-08,Retired
Oldmeadow1924,KM8,Holt,1972-12-02,1975-12-13,Defeated
Olley1927,KM9,Hume,1972-12-02,1974-05-18,Defeated
OMalley1854,K5D,Darwin,1903-12-16,1917-05-05,Defeated
OMalley1854,K5D,Tasmania,1901-03-29,1903-12-16,Until Elected For Darwin
ONeil1937,DE4,Grey,1983-03-05,1993-02-08,Retired
ONeil1980,140590,Hotham,2013-09-07,,
ONeill1961,140651,Robertson,2010-08-21,2013-09-07,Defeated
Opperman1904,KMB,Corio,1949-12-10,1967-06-10,Resigned
Orchard1871,KMC,Nepean,1913-05-31,1919-11-03,Retired
Organ1956,BNL,Cunningham,2002-10-19,2004-10-09,Defeated
Osborne1909,KMD,Evans,1949-12-10,1961-12-09,Defeated
OToole1956,249908,Herbert,2016-07-02,2019-05-18,Defeated
Owens1958,E09,Parramatta,2004-10-09,,
Ozanne1877,KXN,Corio,1910-04-13,1913-05-31,Defeated
Ozanne1877,KXN,Corio,1914-09-05,1917-05-05,Defeated
Page1861,KXO,Maranoa,1901-03-30,1921-06-03,Died
Page1880,C7E,Cowper,1919-12-13,1961-12-09,Defeated
Palmer1859,KXP,Echuca,1906-12-12,1907-06-10,Voided
Palmer1859,KXP,Echuca,1907-07-10,1919-08-14,Died
Palmer1954,LQR,Fairfax,2013-09-07,2016-05-09,Retired
Parke1966,HWR,Fremantle,2007-11-24,2016-05-09,Retired
Parkhill1879,KXQ,Warringah,1927-05-21,1937-10-23,Defeated
Parsons1881,KXR,Angas,1925-11-14,1929-10-12,Defeated
Pasin1977,240756,Barker,2013-09-07,,
Paterson1844,KXS,Capricornia,1901-03-30,1903-11-23,Retired
Paterson1882,KXT,Gippsland,1922-12-16,1943-07-07,Retired
Patten1859,KXU,Hume,1913-05-31,1917-03-26,Retired
Patterson1927,KXV,Dawson,1966-02-26,1975-12-13,Defeated
Payne1982,144732,Canberra,2019-05-18,,
Peacock1939,MI4,Kooyong,1966-04-02,1994-09-17,Resigned
Pearce1917,KXW,Capricornia,1949-12-10,1961-12-09,Defeated
Pearce1963,A8W,Aston,2001-07-14,2010-07-19,Retired
Pearce1967,282306,Braddon,2019-05-18,,
Pearsall1920,KXX,Franklin,1966-11-26,1969-10-25,Defeated
Perkins1878,KXY,Eden-Monaro,1926-03-06,1929-10-12,Defeated
Perkins1878,KXY,Eden-Monaro,1931-12-19,1943-08-21,Defeated
Perrett1966,HVP,Moreton,2007-11-24,,
Peters1897,KXZ,Burke,1949-12-10,1955-12-10,Until Elected For Scullin
Peters1897,KXZ,Scullin,1955-12-10,1969-09-29,Retired
Pettitt1910,KY7,Hume,1963-11-30,1972-12-02,Defeated
Phelps1957,008Z0,Wentworth,2018-10-20,2019-05-18,Defeated
Phillips1855,KY8,Wimmera,1901-03-29,1906-11-05,Retired
Phillips1970,147140,Gilmore,2019-05-18,,
Piesse1848,KY9,Tasmania,1901-03-29,1902-03-06,Died
Pigott1866,KYA,Calare,1913-05-31,1919-12-13,Defeated
Pitt1969,148150,Hinkler,2013-09-07,,
Pittard1902,KYB,Ballaarat,1949-12-10,1951-04-28,Defeated
Plibersek1969,83M,Sydney,1998-10-03,,
Pollard1894,KYC,Ballaarat,1937-10-23,1949-12-10,Until Elected For Lalor
Pollard1894,KYC,Lalor,1949-12-10,1966-11-26,Defeated
Porter1950,NI4,Barker,1975-12-13,1990-02-19,Retired
Porter1970,208884,Pearce,2013-09-07,,
Poynton1853,KYD,Grey,1903-12-16,1922-12-16,Defeated
Poynton1853,KYD,South Australia,1901-03-30,1903-12-16,Until Elected For Grey
Pratt1948,PI4,Adelaide,1988-02-06,1990-03-24,Defeated
Pratten1865,K1J,Martin,1922-12-16,1928-05-07,Died
Pratten1865,K1J,Parramatta,1921-12-10,1922-12-16,Until Elected For Martin
Pratten1899,KYE,Martin,1928-06-16,1929-10-12,Defeated
Prentice1953,217266,Ryan,2010-08-21,2019-04-11,Lost Preseelction
Price1882,KYH,Boothby,1928-11-17,1941-04-23,Died
Price1892,KYG,Boothby,1941-05-24,1943-08-21,Defeated
Price1945,QI4,Chifley,1984-12-01,2010-07-19,Retired
Price1963,249308,Durack,2013-09-07,,
Prosser1948,RI4,Forrest,1987-07-11,2007-10-17,Retired
Prowse1871,KYI,Forrest,1922-12-16,1943-08-21,Defeated
Prowse1871,KYI,Swan,1919-12-13,1922-12-16,Until Elected For Forrest
Punch1957,SI4,Barton,1983-03-05,1996-01-29,Retired
Pyne1967,9V5,Sturt,1993-03-13,2019-04-11,Retired
Quick1852,KYJ,Bendigo,1901-03-29,1913-05-31,Defeated
Quick1941,AV5,Franklin,1993-03-13,2007-10-17,Retired
Raguse1960,HVQ,Forde,2007-11-24,2010-08-21,Defeated
Ramsey1956,HWS,Grey,2007-11-24,,
Randall1953,PK6,Canning,2001-11-10,2015-07-21,Died
Randall1953,PK6,Swan,1996-03-02,1998-10-03,Defeated
Rankin1887,K2A,Bendigo,1937-10-23,1949-10-31,Retired
Rea1963,HVR,Bonner,2007-11-24,2010-08-21,Defeated
Reeves1952,KYP,Northern Territory,1983-03-05,1984-12-01,Defeated
Reid1845,F4P,East Sydney,1901-03-29,1903-08-18,Resigned
Reid1845,F4P,East Sydney,1903-09-04,1909-12-24,Resigned
Reid1916,KYQ,Holt,1969-10-25,1972-12-02,Defeated
ReidNicholas1935,VT4,Bendigo,1990-03-24,1998-08-31,Retired
Reith1950,WI4,Flinders,1982-12-04,1983-03-05,Defeated
Reith1950,WI4,Flinders,1984-12-01,2001-10-08,Retired
Reynolds1923,KYS,Barton,1958-11-22,1966-11-26,Defeated
Reynolds1923,KYS,Barton,1969-10-25,1975-11-11,Retired
Richardson1939,KYU,Tangney,1975-12-13,1977-11-10,Retired
Richardson1958,E0B,Kingston,2004-10-09,2007-11-24,Defeated
Riggall1941,WT4,McMillan,1990-03-24,1993-03-13,Defeated
Riley1859,KYV,South Sydney,1910-04-13,1931-12-19,Defeated
Riley1892,KYX,Cook,1922-12-16,1934-09-15,Defeated
Riordan1886,KYZ,Kennedy,1929-10-12,1936-10-15,Died
Riordan1908,KZ9,Kennedy,1936-12-12,1966-10-31,Retired
Riordan1930,KZ7,Phillip,1972-12-02,1975-12-13,Defeated
Ripoll1966,83E,Oxley,1998-10-03,2016-05-09,Retired
Rishworth1978,HWA,Kingston,2007-11-24,,
Robb1951,FU4,Goldstein,2004-10-09,2016-05-09,Retired
Robert1970,HWT,Fadden,2007-11-24,,
Roberton1900,KZE,Riverina,1949-12-10,1965-01-21,Resigned
Roberts1869,KZG,Adelaide,1908-06-13,1913-12-02,Died
Robinson1872,KZH,Wannon,1903-12-16,1906-12-12,Defeated
Robinson1927,YI4,Cowper,1963-11-30,1984-12-01,Until Elected For Page
Robinson1927,YI4,Page,1984-12-01,1990-03-24,Defeated
Robinson1929,KZL,McPherson,1972-12-02,1981-01-07,Died
Rocher1936,ZI4,Curtin,1981-02-21,1998-10-03,Defeated
Rodgers1875,KZT,Wannon,1913-05-31,1922-12-16,Defeated
Rodgers1875,KZT,Wannon,1925-11-14,1929-10-12,Defeated
Ronald1861,KZV,Southern Melbourne,1901-03-29,1906-12-12,Defeated
Ronaldson1954,XT4,Ballarat,1990-03-24,2001-10-08,Retired
Rosevear1892,L08,Dalley,1931-12-19,1953-03-21,Died
Rowe1872,L0B,Parramatta,1929-10-12,1931-12-19,Defeated
Rowland1971,159771,Greenway,2010-08-21,,
Roxon1967,83K,Gellibrand,1998-10-03,2013-08-05,Retired
Roy1990,M2X,Longman,2010-08-21,2016-07-02,Defeated
Rudd1957,83T,Griffith,1998-10-03,2013-11-22,Resigned
Ruddock1943,0J4,Berowra,1993-03-13,2016-05-09,Retired
Ruddock1943,0J4,Dundas,1977-12-10,1993-03-13,Until Elected For Berowra
Ruddock1943,0J4,Parramatta,1973-09-22,1977-12-10,Until Elected For Dundas
Russell1890,L0F,Grey,1943-08-21,1963-03-31,Died
Russell1907,L0D,Maranoa,1949-12-10,1951-04-28,Defeated
Ryan1876,L0H,West Sydney,1919-12-13,1921-08-01,Died
Ryan1884,L0G,Flinders,1940-09-21,1952-08-26,Died
Ryan1961,249224,Lalor,2013-09-07,,
Ryrie1865,L0I,North Sydney,1911-03-11,1922-12-16,Until Elected For Warringah
Ryrie1865,L0I,Warringah,1922-12-16,1927-04-13,Resigned
Saffin1954,HVY,Page,2007-11-24,2013-09-07,Defeated
Sainsbury1940,L0J,Eden-Monaro,1975-12-13,1983-03-05,Defeated
Salmon1861,L0K,Grampians,1915-02-20,1917-09-15,Died
Salmon1861,L0K,Laanecoorie,1901-03-29,1913-04-23,Retired
Sampson1863,L0P,Wimmera,1906-12-12,1919-12-13,Defeated
Saunderson1948,2J4,Aston,1984-12-01,1990-03-24,Defeated
Saunderson1948,2J4,Deakin,1983-03-05,1984-12-01,Until Elected For Aston
Sawers1844,KPX,New England,1901-03-29,1903-12-16,Defeated
Sawford1944,3J4,Port Adelaide,1988-03-26,2007-10-17,Retired
Scholes1931,5J4,Corio,1967-07-22,1993-02-08,Retired
Scholfield1894,KQ8,Wannon,1931-12-19,1940-09-21,Defeated
Schultz1939,83Q,Hume,1998-10-03,2013-08-05,Retired
Sciacca1947,6J4,Bowman,1987-07-11,1996-03-02,Defeated
Sciacca1947,6J4,Bowman,1998-10-03,2004-10-09,Defeated
Scott1934,7J4,Hindmarsh,1980-10-18,1993-02-08,Retired
Scott1943,YT4,Maranoa,1990-03-24,2016-05-09,Retired
Scott1947,8J4,Oxley,1988-10-08,1996-03-02,Defeated
Scott1977,165476,Lindsay,2013-09-07,2016-07-02,Defeated
Scullin1876,F4Q,Corangamite,1910-04-13,1913-05-31,Defeated
Scullin1876,F4Q,Yarra,1922-02-18,1949-10-31,Retired
Scully1890,KQB,Gwydir,1937-05-08,1949-12-10,Defeated
Seabrook1867,KQW,Franklin,1922-12-16,1928-11-17,Defeated
Secker1956,848,Barker,1998-10-03,2013-08-05,Retired
Sercombe1949,QK6,Maribyrnong,1996-03-02,2007-10-17,Retired
Sexton1905,KQY,Adelaide,1958-11-22,1966-11-26,Defeated
Shack1953,9J4,Tangney,1977-12-10,1983-03-05,Defeated
Shack1953,9J4,Tangney,1984-12-01,1993-02-08,Retired
Sharkie1972,265980,Mayo,2016-07-02,2018-05-11,Resigned
Sharkie1972,265980,Mayo,2018-07-28,,
Sharma1975,274506,Wentworth,2019-05-18,,
Sharp1954,AJ4,Gilmore,1984-12-01,1993-03-13,Until Elected For Hume
Sharp1954,AJ4,Hume,1993-03-13,1998-08-31,Retired
Sharpe1868,KR8,Oxley,1913-05-31,1917-05-05,Defeated
Shaw1913,KRC,Dawson,1963-11-30,1966-01-09,Died
Sheehan1891,KRE,Cook,1937-10-23,1955-03-26,Died
Sheehy1899,KRI,Boothby,1943-08-21,1949-12-10,Defeated
Sherry1924,L8C,Franklin,1969-10-25,1975-12-13,Defeated
Shipton1936,CJ4,Higgins,1975-12-13,1990-02-19,Retired
Short1936,DJ4,Ballaarat,1975-12-13,1980-10-18,Defeated
Short1956,9V8,Ryan,2001-03-17,2001-11-10,Defeated
Shorten1967,00ATG,Maribyrnong,2007-11-24,,
Sidebottom1951,849,Braddon,1998-10-03,2004-10-09,Defeated
Sidebottom1951,849,Braddon,2007-11-24,2013-09-07,Defeated
Simmonds1985,282983,Ryan,2019-05-18,,
Simmons1947,FJ4,Calare,1983-03-05,1996-01-29,Retired
Simon1936,KRM,McMillan,1975-12-13,1980-10-18,Defeated
Simpkins1964,HWE,Cowan,2007-11-24,2016-07-02,Defeated
Sinclair1864,KRN,Moreton,1906-12-12,1919-11-03,Retired
Sinclair1929,5E4,New England,1963-11-30,1998-08-31,Retired
Skene1845,KRQ,Grampians,1901-03-29,1906-11-08,Retired
Slipper1950,0V5,Fisher,1984-12-01,1987-07-11,Defeated
Slipper1950,0V5,Fisher,1993-03-13,2013-09-07,Defeated
Smith1851,KTT,Parkes,1901-03-29,1919-12-13,Defeated
Smith1856,L2I,Macquarie,1901-03-29,1906-12-12,Defeated
Smith1881,KRT,Wakefield,1943-08-21,1946-09-28,Defeated
Smith1939,JV5,Bass,1993-03-13,1996-03-02,Defeated
Smith1950,SK6,Dickson,1996-03-02,1998-10-03,Defeated
Smith1954,GJ4,Bass,1984-12-01,1993-03-13,Defeated
Smith1954,GJ4,Bass,1996-03-02,1998-10-03,Defeated
Smith1955,5V5,Perth,1993-03-13,2013-08-05,Retired
Smith1967,00APG,Casey,2001-11-10,,
Smith1970,276714,Bean,2019-05-18,,
SmithWilliam1869,KTU,Denison,1910-04-13,1922-12-16,Defeated
Smyth1959,5B6,Canberra,1995-03-25,1996-03-02,Defeated
Smyth1976,172770,La Trobe,2010-08-21,2013-09-07,Defeated
Snedden1926,DQF,Bruce,1955-12-10,1983-04-21,Resigned
Snow1934,HJ4,Eden-Monaro,1983-03-05,1996-03-02,Defeated
Snowdon1950,IJ4,Lingiari,2001-11-10,,
Snowdon1950,IJ4,Northern Territory,1987-07-11,1996-03-02,Defeated
Snowdon1950,IJ4,Northern Territory,1998-10-03,2001-11-10,Until Elected For Lingiari
Solomon1839,KTV,Fremantle,1901-03-29,1903-12-16,Defeated
Solomon1853,KU9,South Australia,1901-03-30,1903-12-16,Defeated
Solomon1931,KU8,Denison,1969-10-25,1972-12-02,Defeated
Somlyay1946,ZT4,Fairfax,1990-03-24,2013-08-05,Retired
Southcott1967,TK6,Boothby,1996-03-02,2016-05-09,Retired
Spence1846,KUF,Darling,1901-03-29,1917-05-05,Defeated
Spence1846,KUF,Darwin,1917-06-30,1919-12-13,Defeated
Spender1897,KUG,Warringah,1937-10-23,1951-03-19,Retired
Spender1935,JJ4,North Sydney,1980-10-18,1990-03-24,Defeated
Spooner1891,KUN,Robertson,1940-09-21,1943-08-21,Defeated
Spurr1897,KUO,Wilmot,1939-05-27,1940-09-21,Defeated
Stacey1879,KUW,Adelaide,1931-12-19,1943-08-21,Defeated
Staley1939,GY5,Chisholm,1970-09-19,1980-09-19,Retired
Stanley1961,265990,Werriwa,2016-07-02,,
Staples1947,KJ4,Diamond Valley,1983-03-05,1984-12-01,Until Elected For Jagajaga
Staples1947,KJ4,Jagajaga,1984-12-01,1996-01-29,Retired
StClair1949,84B,New England,1998-10-03,2001-11-10,Defeated
Steedman1943,PI5,Casey,1983-03-05,1984-12-01,Defeated
Steggall1974,175696,Warringah,2019-05-18,,
Stevens1983,176304,Sturt,2019-05-18,,
Stewart1884,KV7,Parramatta,1931-12-19,1946-08-16,Retired
Stewart1885,KV8,Wimmera,1919-12-13,1931-10-14,Died
Stewart1923,KUX,Grayndler,1977-12-10,1979-04-16,Died
Stewart1923,KUX,Lang,1953-08-29,1977-12-10,Until Elected For Grayndler
StJohn1916,KUR,Warringah,1966-11-26,1969-10-25,Defeated
Stokes1906,KVG,Maribyrnong,1955-12-10,1969-10-25,Defeated
Stone1951,EM6,Murray,1996-03-02,2016-05-09,Retired
Storrer1854,KVJ,Bass,1903-12-16,1910-04-13,Defeated
Story1857,K7L,Boothby,1917-05-05,1922-12-16,Defeated
Street1894,KVN,Corangamite,1934-09-15,1940-08-13,Died
Street1926,KVM,Corangamite,1966-11-26,1984-01-18,Resigned
Stumm1853,KVO,Lilley,1913-05-31,1917-03-26,Retired
Sudmalis1955,241586,Gilmore,2013-09-07,2019-04-11,Retired
Sukkar1981,242515,Deakin,2013-09-07,,
Sullivan1929,KVQ,Riverina,1974-05-18,1977-12-10,Defeated
Sullivan1942,3.00E+04,Moncrieff,1984-12-01,2001-10-08,Retired
Sullivan1950,HVS,Longman,2007-11-24,2010-08-21,Defeated
Swan1954,2V5,Lilley,1993-03-13,1996-03-02,Defeated
Swan1954,2V5,Lilley,1998-10-03,2019-04-11,
Swanson1970,264170,Paterson,2016-07-02,,
Swartz1911,KVR,Darling Downs,1949-12-10,1972-11-02,Retired
Symon1965,HW8,Deakin,2007-11-24,2013-09-07,Defeated
Tambling1943,6E4,Northern Territory,1980-10-18,1983-03-05,Defeated
Tanner1956,YU5,Melbourne,1993-03-13,2010-07-19,Retired
Taylor1938,OJ4,Groom,1988-04-09,1998-08-31,Retired
Taylor1966,231027,Hume,2013-09-07,,
Tehan1968,210911,Wannon,2010-08-21,,
Templeman1963,181810,Macquarie,2016-07-02,,
Theodore1884,KVS,Dalley,1927-02-26,1931-12-19,Defeated
Theophanous1946,QJ4,Burke,1980-10-18,1984-12-01,Until Elected For Calwell
Theophanous1946,QJ4,Calwell,1984-12-01,2001-11-10,Defeated
Thistlethwaite1972,182468,Kingsford Smith,2013-09-07,,
Thomas1863,K8L,Barrier,1901-03-29,1917-03-26,Retired
Thompson1885,KVU,New England,1922-12-16,1940-09-21,Defeated
Thompson1886,KVT,Hindmarsh,1946-09-28,1949-12-10,Until Elected For Port Adelaide
Thompson1886,KVT,Port Adelaide,1949-12-10,1963-11-01,Retired
Thompson1960,84C,Blair,1998-10-03,2007-11-24,Defeated
Thompson1988,281826,Herbert,2019-05-18,,
Thomson1848,KW6,North Sydney,1901-03-29,1910-02-19,Retired
Thomson1856,KVW,Capricornia,1903-12-16,1906-12-12,Defeated
Thomson1862,KW8,Cowper,1906-12-12,1919-12-13,Defeated
Thomson1924,KVY,Leichhardt,1975-12-13,1983-03-05,Defeated
Thomson1955,UK6,Wills,1996-03-02,2016-05-09,Retired
Thomson1961,FB6,Wentworth,1995-04-08,2001-10-08,Retired
Thomson1964,HVZ,Dobell,2007-11-24,2013-09-07,Defeated
Thorburn1930,KWA,Cook,1972-12-02,1975-12-13,Defeated
Thorby1888,KWC,Calare,1931-12-19,1940-09-21,Defeated
Thwaites1980,282212,Jagajaga,2019-05-18,,
Ticehurst1945,00ANF,Dobell,2001-11-10,2007-11-24,Defeated
Tickner1951,RJ4,Hughes,1984-02-18,1996-03-02,Defeated
Timson1909,KWE,Higinbotham,1949-12-10,1960-10-16,Died
Tollner1966,00AN4,Solomon,2001-11-10,2007-11-24,Defeated
Townley1907,KWH,Denison,1949-12-10,1963-12-24,Died
Treloar1892,KWJ,Gwydir,1949-12-10,1953-11-15,Died
Trevor1961,HVU,Flynn,2007-11-24,2010-08-21,Defeated
Truss1948,GT4,Wide Bay,1990-03-24,2016-05-09,Retired
Tuckey1935,SJ4,O'Connor,1980-10-18,2010-08-21,Defeated
Tudge1971,M2Y,Aston,2010-08-21,,
Tudor1866,KWL,Yarra,1901-03-29,1922-01-10,Died
Tully1877,KWN,Barton,1928-11-17,1931-12-19,Defeated
Turnbull1899,KWP,Mallee,1949-12-10,1972-11-02,Retired
Turnbull1899,KWP,Wimmera,1946-02-09,1949-12-10,Until Elected For Mallee
Turnbull1954,885,Wentworth,2004-10-09,2018-08-31,Resigned
Turner1851,KWT,Balaclava,1901-03-29,1906-11-08,Retired
Turner1905,KWR,Bradfield,1952-12-20,1974-04-11,Retired
Turnour1966,HVV,Leichhardt,2007-11-24,2010-08-21,Defeated
Uren1921,EE4,Reid,1958-11-22,1990-02-19,Retired
Vaile1956,SU5,Lyne,1993-03-13,2008-07-30,Resigned
Vale1944,VK6,Hughes,1996-03-02,2010-07-19,Retired
Vamvakinou1959,00AMT,Calwell,2001-11-10,,
vanManen1965,188315,Forde,2010-08-21,,
Varvaris1974,250077,Barton,2013-09-07,2016-07-02,Defeated
Vasta1966,E0D,Bonner,2004-10-09,2007-11-24,Defeated
Vasta1966,E0D,Bonner,2010-08-21,,
Viner1933,EE6,Stirling,1972-12-02,1983-03-05,Defeated
Wakelin1946,HV5,Grey,1993-03-13,2007-10-17,Retired
Walker1942,9T4,Robertson,1990-03-24,1996-03-02,Defeated
Wallace1881,KWX,West Sydney,1917-05-05,1919-12-13,Defeated
Wallace1968,265967,Fisher,2016-07-02,,
Wallis1922,KWZ,Grey,1969-10-25,1983-02-04,Retired
Ward1899,KX7,East Sydney,1931-03-07,1931-12-19,Defeated
Ward1899,KX7,East Sydney,1932-02-06,1963-07-31,Died
Washer1945,84F,Moore,1998-10-03,2013-08-05,Retired
Watkins1865,KX9,Newcastle,1901-03-29,1935-04-08,Died
Watkins1896,KXB,Newcastle,1935-06-01,1958-10-14,Retired
Watson1864,KXD,Fremantle,1922-12-16,1928-10-09,Retired
Watson1864,KXD,Fremantle,1931-12-19,1934-08-07,Retired
Watson1867,F4R,Bland,1901-03-29,1906-12-12,Until Elected For South Sydney
Watson1867,F4R,South Sydney,1906-12-12,1910-02-19,Retired
Watson1945,KAO,Forde,1984-12-01,1987-07-11,Defeated
Watt1871,KXG,Balaclava,1914-09-05,1929-07-05,Resigned
Watts1982,193430,Gellibrand,2013-09-07,,
Webb1908,KXI,Stirling,1955-12-10,1958-11-22,Defeated
Webb1908,KXI,Stirling,1961-12-09,1972-12-02,Defeated
Webb1908,KXI,Swan,1954-05-29,1955-12-10,Until Elected For Stirling
Webster1860,KXK,Gwydir,1903-12-16,1919-12-13,Defeated
Webster1934,WJ4,Macquarie,1984-12-01,1993-03-13,Defeated
Webster1959,281688,Mallee,2019-05-18,,
Wells1949,1B6,Petrie,1983-03-05,1984-12-01,Defeated
Wells1985,264121,Lilley,2019-05-18,,
Wentworth1907,DB6,Mackellar,1949-12-10,1977-11-10,Retired
West1852,KZA,East Sydney,1910-04-13,1931-02-05,Died
West1934,XJ4,Cunningham,1977-10-15,1993-02-08,Retired
West1952,XK6,Bowman,1996-03-02,1998-10-03,Defeated
Whan1933,KZI,Eden-Monaro,1972-12-02,1975-12-13,Defeated
Wheeler1909,KZP,Mitchell,1949-12-10,1961-12-09,Defeated
White1888,KZR,Balaclava,1929-08-03,1951-06-20,Resigned
White1936,YJ4,McPherson,1981-02-21,1990-02-19,Retired
Whiteley1960,207800,Braddon,2013-09-07,2016-07-02,Defeated
Whitlam1916,6U4,Werriwa,1952-11-29,1978-07-31,Resigned
Whitlam1944,KZY,Grayndler,1975-12-13,1977-11-10,Retired
Whitsitt1869,L0L,Darwin,1922-12-16,1925-10-03,Retired
Whittorn1911,L0N,Balaclava,1960-07-16,1974-04-11,Retired
Wicks1973,241590,Robertson,2013-09-07,,
Wienholt1877,L0Q,Moreton,1919-12-13,1922-11-06,Retired
Wight1914,L0V,Lilley,1949-12-10,1961-12-09,Defeated
Wilkie1959,84G,Swan,1998-10-03,2007-11-24,Defeated
Wilkie1961,C2T,Denison,2010-08-21,2019-04-11,
Wilkie1961,C2T,Clark,2019-05-18,,
Wilkinson1854,L0Y,Moreton,1901-03-30,1906-12-12,Defeated
Wilks1863,L17,Dalley,1901-03-29,1910-04-13,Defeated
Williams1897,L1A,Robertson,1943-08-21,1949-12-10,Defeated
Williams1942,7V5,Tangney,1993-03-13,2004-08-31,Retired
Williams1973,249758,Hindmarsh,2013-09-07,2016-07-02,Defeated
Willis1860,L1D,Robertson,1901-03-29,1910-04-13,Defeated
Willis1938,ZJ4,Gellibrand,1972-12-02,1998-08-31,Retired
Wilson1863,L1N,Corangamite,1903-12-16,1910-04-13,Defeated
Wilson1880,L1L,Wimmera,1937-10-23,1945-12-31,Resigned
Wilson1900,KBH,Sturt,1949-12-10,1954-05-29,Defeated
Wilson1900,KBH,Sturt,1955-12-10,1966-10-31,Retired
Wilson1932,0K4,Sturt,1966-11-26,1969-10-25,Defeated
Wilson1932,0K4,Sturt,1972-12-02,1993-02-08,Retired
Wilson1966,198084,O'Connor,2013-09-07,,
Wilson1972,265970,Fremantle,2016-07-02,2018-05-10,Resigned
Wilson1972,265970,Fremantle,2018-07-28,,
Wilson1980,IMW,Goldstein,2016-07-02,,
Wilton1955,YK6,Isaacs,1996-03-02,2000-06-14,Died
Windsor1950,009LP,New England,2001-11-10,2013-08-05,Retired
Wise1853,L1P,Gippsland,1906-12-12,1913-05-31,Defeated
Wise1853,L1P,Gippsland,1914-09-05,1922-12-16,Defeated
Wood1968,E0F,La Trobe,2004-10-09,2010-08-21,Defeated
Wood1968,E0F,La Trobe,2013-09-07,,
WoodsHarry1947,0U4,Page,1990-03-24,1996-03-02,Defeated
WoodsRobert1947,1K4,Lowe,1987-07-11,1993-03-13,Defeated
Worth1946,8V5,Adelaide,1993-03-13,2004-10-09,Defeated
Wright1942,2K4,Capricornia,1984-12-01,1993-03-13,Defeated
Wyatt1952,M3A,Hasluck,2010-08-21,,
Wynne1850,L1R,Balaclava,1906-12-12,1914-07-30,Retired
Yates1871,L1T,Adelaide,1914-01-10,1919-12-13,Defeated
Yates1871,L1T,Adelaide,1922-12-16,1931-12-19,Defeated
Yates1921,L1V,Holt,1975-12-13,1980-10-18,Defeated
Young1936,EV4,Port Adelaide,1974-05-18,1988-02-08,Resigned
Young1968,201906,Longman,2019-05-18,,
Zahra1973,84H,McMillan,1998-10-03,2004-10-09,Defeated
Zammit1941,ZK6,Lowe,1996-03-02,1998-10-03,Defeated
Zappia1952,HWB,Makin,2007-11-24,,
Zimmerman1968,203092,North Sydney,2015-12-05,,
Wooldridge1956,8E4,Chisholm,1987-07-11,1990-12-01,Defeated
Wooldridge1956,8E4,Casey,1993-03-13,2001-10-08,Retired
