unique_id,name_id,party_abbrev,party_name,party_from,party_to,party_changed_name,party_simplified_name
Abbott1859,JYU,CP,Australian Country Party,,,,Nationals
Abbott1869,JLM,CP,Australian Country Party,1919-11-03,,,Nationals
Abbott1869,JLM,LIB,Liberal Party of Australia,,1917-02-17,,Liberals
Abbott1869,JLM,NAT,Nationalist Party,1917-02-17,1919-11-03,,Nationalist Party
Abbott1877,JNT,CP,Australian Country Party,,,,Nationals
Abetz1958,N26,LIB,Liberal Party of Australia,,,,Liberals
Adams1943,E4Q,LIB,Liberal Party of Australia,,,,Liberals
Adamson1857,JZ2,NAT,Nationalist Party,,,,Nationalist Party
Allison1946,1M6,AD,Australian Democrats,,,,Australian Democrats
Alston1941,LD4,LIB,Liberal Party of Australia,,,,Liberals
Amour1900,JZH,ALP,Australian Labor Party,,1940-01-01,,Labor
Amour1900,JZH,ALP,Australian Labor Party,1941-02-01,,,Labor
Amour1900,JZH,ALP (N-C),Australian Labor Party (Non-Communist),1940-01-01,1941-02-01,,Australian Labor Party (Non-Communist)
Anderson1909,JZQ,LIB,Liberal Party of Australia,,,,Liberals
Andrew1866,JZW,CP,Australian Country Party,,,,Nationals
Anning1949,273829,IND,Independent,2018-10-01,,,Independent
Anning1949,273829,KAP,Katters Australian Party,2018-06-04,2018-10-01,,Katters Australian Party
Anning1949,273829,PHON,Pauline Hansons One Nation,,2018-06-04,,Pauline Hansons One Nation
Antic1974,269375,LIB,Liberal Party of Australia,,,,Liberals
Arbib1971,HES,ALP,Australian Labor Party,,,,Labor
Archer1929,IE4,LIB,Liberal Party of Australia,,,,Liberals
Arkins1888,K08,UAP,United Australia Party,,,,United Australia Party
Armstrong1908,K0C,ALP,Australian Labor Party,,1940-01-01,,Labor
Armstrong1908,K0C,ALP,Australian Labor Party,1941-05-01,,,Australian Labor Party
Armstrong1908,K0C,ALP (N-C),Australian Labor Party (Non-Communist),1940-01-01,1941-05-01,,Australian Labor Party (Non-Communist)
Arnold1902,K0N,ALP,Australian Labor Party,,,,Labor
Arthur1883,K0P,ALP,Australian Labor Party,,,,Labor
Ashley1881,K0W,ALP,Australian Labor Party,,,,Labor
Askew1963,281558,LIB,Liberal Party of Australia,,,,Liberals
Aulich1945,JE4,ALP,Australian Labor Party,,,,Labor
Aylett1900,K0Z,ALP,Australian Labor Party,,,,Labor
Ayres,16913,ALP,Australian Labor Party,,,,Labor
Back1950,J7Q,LIB,Liberal Party of Australia,,,,Liberals
Badman1885,JNM,CP,Australian Country Party,1940-01-01,,,Nationals
Badman1885,JNM,CP,Australian Country Party,,,,Nationals
Badman1885,JNM,UAP,United Australia Party,,1940-01-01,,United Australia Party
Baker1841,L2E,FT,Free Trade,,,,Free Trade
Bakhap1866,K18,LIB,Liberal Party of Australia,,,,Liberals
Barker1846,K1I,ALP,Australian Labor Party,,,,Labor
Barnes1868,K1L,ALP,Australian Labor Party,,,,Labor
Barnett1962,00AUF,LIB,Liberal Party of Australia,,,,Liberals
Barrett1858,K1O,ALP,Australian Labor Party,,,,Labor
Bartlett1964,DT6,AD,Australian Democrats,,,,Australian Democrats
Barwell1877,K1P,NAT,Nationalist Party,,,,Nationalist Party
Baume1930,LE4,LIB,Liberal Party of Australia,,,,Liberals
Baume1935,ME4,LIB,Liberal Party of Australia,,,,Liberals
Beahan1937,NE4,ALP,Australian Labor Party,,,,Labor
Beerworth1886,K1Q,ALP,Australian Labor Party,,,,Labor
Bell1950,7U4,AD,Australian Democrats,,,,Australian Democrats
Benn1897,K1T,ALP,Australian Labor Party,,,,Labor
Benny1869,K1W,NAT,Nationalist Party,,,,Nationalist Party
Bernardi1969,G0D,LIB,Liberal Party of Australia,,,,Liberals
Bernardi1969,G0D,IND,Independent,,,,Independent Labor
Bernardi1969,G0D,ACP,Australian Conservative Party,,,,Conservative
Bessell1923,K1X,LIB,Liberal Party of Australia,,,,Liberals
Best1856,JPC,LIB,Liberal Party of Australia,1909-05-01,1917-02-17,,Liberal Party of Australia
Best1856,JPC,NAT,Nationalist Party,1917-02-17,,,Nationalist Party
Best1856,JPC,PROT,Protectionist Party,,1909-05-01,,Protectionist Party
Bilyk1959,HZB,ALP,Australian Labor Party,,,,Labor
Birmingham1974,H6X,LIB,Liberal Party of Australia,,,,Liberals
Bishop1913,K1Y,ALP,Australian Labor Party,,,,Labor
Bishop1942,SE4,LIB,Liberal Party of Australia,,,,Liberals
Bishop1954,2L6,ALP,Australian Labor Party,,,,Labor
BjelkePetersen1920,ND4,NCP,National Country Party,,1982-10-17,1.0,Nationals
BjelkePetersen1920,ND4,NPA,National Party of Australia,1982-10-17,,,Nationals
Black1952,TE4,ALP,Australian Labor Party,,,,Labor
Blakey1879,K22,ALP,Australian Labor Party,,,,Labor
Bolkus1950,XE4,ALP,Australian Labor Party,,,,Labor
Bolton1860,K2C,NAT,Nationalist Party,,,,Nationalist Party
Bonner1922,0V4,IND,Independent,1983-02-01,,,Independent
Bonner1922,0V4,LIB,Liberal Party of Australia,,1983-02-01,,Liberals
Boswell1940,YE4,NP,The Nationals,2003-10-01,,,Nationals
Boswell1940,YE4,NPA,National Party of Australia,,2003-10-01,,Nationals
Bourne1954,TW4,AD,Australian Democrats,,,,Australian Democrats
Boyce1951,H6V,LIB,Liberal Party of Australia,,,,Liberals
Bragg1984,256063,LIB,Liberal Party of Australia,,,,Liberals
Brand1873,K2F,LIB,Liberal Party of Australia,1945-08-31,,,Liberal Party of Australia
Brand1873,K2F,UAP,United Australia Party,,1945-08-31,,United Australia Party
Brandis1957,008W7,LIB,Liberal Party of Australia,,,,Liberals
Branson1918,K2I,LIB,Liberal Party of Australia,,,,Liberals
Breen1902,K2W,LIB,Liberal Party of Australia,,,,Liberals
Brennan1866,K2Z,UAP,United Australia Party,,,,United Australia Party
Brockman1970,30484,LIB,Liberal Party of Australia,,,,Liberals
Brown1885,K6P,ALP,Australian Labor Party,,,,Labor
Brown1885,K6P,FLP,Federal Labor Party,,1937-01-01,,Labor
Brown1920,K3A,ALP,Australian Labor Party,,,,Labor
Brown1944,QD4,GRN,Australian Greens,,,,Australian Greens
Brown1963,F49,ALP,Australian Labor Party,,,,Labor
Brownhill1935,RD4,NPA,National Party of Australia,,,,Nationals
Buckland1947,009D2,ALP,Australian Labor Party,,,,Labor
Bull1905,K3J,CP,Australian Country Party,,,,Nationals
Bullock1955,243237,ALP,Australian Labor Party,,,,Labor
Bunton1902,K3N,IND,Independent,,,,Independent
Burns1929,2F4,ALP,Australian Labor Party,,,,Labor
Burston1948,207807,PHON,Pauline Hansons One Nation,,,,Pauline Hansons One Nation
Bushby1965,HLL,LIB,Liberal Party of Australia,,,,Liberals
Buttfield1912,K3O,LIB,Liberal Party of Australia,,,,Liberals
Button1932,4F4,ALP,Australian Labor Party,,,,Labor
Buzacott1867,K3Q,ALP,Australian Labor Party,,1917-02-17,,Labor
Buzacott1867,K3Q,NAT,Nationalist Party,1917-02-17,,,Nationalist Party
Byrne1910,K3R,ALP,Australian Labor Party,,1957-01-01,,Labor
Byrne1910,K3R,DLP,Democratic Labor Party,1968-01-01,,,Democratic Labor Party
Byrne1910,K3R,QLP,Queensland Labor Party,1957-01-01,1968-01-01,,Queensland Labor Party
Calvert1940,5F4,LIB,Liberal Party of Australia,,,,Liberals
Cameron1857,K3S,PROT,Protectionist Party,,,,Protectionist Party
Cameron1878,L8E,ALP,Australian Labor Party,,,,Labor
Cameron1914,K3T,ALP,Australian Labor Party,,,,Labor
Cameron1935,K3V,LIB,Liberal Party of Australia,,,,Liberals
CameronDouglas1951,AI6,ALP,Australian Labor Party,,,,Labor
Campbell1943,NB5,ALP,Australian Labor Party,,,,Labor
Campbell1959,H15,LIB,Liberal Party of Australia,,,,Liberals
Canavan1980,245212,NP,The Nationals,,,,The Nationals
Cant1907,K3W,ALP,Australian Labor Party,,,,Labor
Carr1947,WX4,ALP,Australian Labor Party,,,,Labor
Carr1955,AW5,ALP,Australian Labor Party,,,,Labor
Carrick1918,2U4,LIB,Liberal Party of Australia,,,,Liberals
Carroll1872,K3X,CP,Australian Country Party,,,,Nationals
Cash1970,I0M,LIB,Liberal Party of Australia,,,,Liberals
Cavanagh1913,K6F,ALP,Australian Labor Party,,,,Labor
Chamarette1948,SN5,GWA,The Greens (WA) Inc,,,,The Greens (WA) Inc
Chamberlain1884,K6H,LIB,Liberal Party of Australia,,,,Liberals
Chandler1990,264449,LIB,Liberal Party of Australia,,,,Liberals
Chaney1941,EF4,LIB,Liberal Party of Australia,,,,Liberals
Chapman1879,K6I,CP,Australian Country Party,,,,Nationals
Chapman1949,FF4,LIB,Liberal Party of Australia,,,,Liberals
Charleston1848,K6J,FT,Free Trade,,,,Free Trade
Chataway1864,K6L,ANTI-SOC,Anti-Socialist Party,,,,Anti-Socialist Party
Cherry1965,00A9C,AD,Australian Democrats,,,,Australian Democrats
Childs1934,IF4,ALP,Australian Labor Party,,,,Labor
Chipp1925,3V4,AD,Australian Democrats,1977-05-01,,,Australian Democrats
Chipp1925,3V4,IND,Independent,1977-03-01,1977-05-01,,Independent
Chipp1925,3V4,LIB,Liberal Party of Australia,,1977-03-01,,Liberals
Chisholm1978,39801,ALP,Australian Labor Party,,,,Labor
Ciccone1983,281503,ALP,Australian Labor Party,,,,Labor
Clemons1862,K6M,ANTI-SOC,Anti-Socialist Party,1910-01-01,1913-01-01,,Anti-Socialist Party
Clemons1862,K6M,FT,Free Trade,,1910-01-01,,Free Trade
Clemons1862,K6M,LIB,Liberal Party of Australia,,,,Liberals
Clothier1877,K6N,ALP,Australian Labor Party,,,,Labor
Coates1944,LF4,ALP,Australian Labor Party,,,,Labor
Cohen1918,K6R,ALP,Australian Labor Party,,,,Labor
Colbeck1958,00AOL,LIB,Liberal Party of Australia,,,,Liberals
Cole1908,K6W,ALP,Australian Labor Party,,1955-04-01,,Labor
Cole1908,K6W,ALP (A-C),Australian Labor Party (Anti-Communist),1955-04-01,1957-01-01,,Australian Labor Party (Anti-Communist)
Cole1908,K6W,DLP,Democratic Labor Party,1957-01-01,,,Democratic Labor Party
Colebatch1872,K7F,NAT,Nationalist Party,,,,Nationalist Party
Coleman1931,5V4,ALP,Australian Labor Party,,,,Labor
Collard1936,K7H,NCP,National Country Party,,1982-10-17,1.0,Nationals
Collard1936,K7H,NPA,National Party of Australia,1982-10-17,,,Nationals
Collett1877,K7M,NAT,Nationalist Party,,1937-01-01,,Nationalist Party
Collett1877,K7M,UAP,United Australia Party,1937-01-01,,,United Australia Party
Collings1865,K7P,ALP,Australian Labor Party,1937-01-01,,,Australian Labor Party
Collings1865,K7P,FLP,Federal Labor Party,,1937-01-01,,Federal Labor Party
Collins1946,OF4,ALP,Australian Labor Party,,,,Labor
Collins1962,GB6,ALP,Australian Labor Party,,,,Labor
Colston1938,PF4,ALP,Australian Labor Party,,1996-08-01,,Labor
Colston1938,PF4,IND,Independent,1996-08-01,,,Independent
Conroy1963,3L6,ALP,Australian Labor Party,,,,Labor
Cook1943,RF4,ALP,Australian Labor Party,,,,Labor
Cooke1904,JQN,ALP,Australian Labor Party,,,,Labor
Coonan1947,2M6,LIB,Liberal Party of Australia,,,,Liberals
Cooney1934,SF4,ALP,Australian Labor Party,,,,Labor
Cooper1888,JQP,CP,Australian Country Party,1935-07-01,,,Nationals
Cooper1888,JQP,NAT,Nationalist Party,,1932-06-30,,Nationalist Party
Cormack1906,JQQ,LIB,Liberal Party of Australia,,,,Liberals
Cormann1970,HDA,LIB,Liberal Party of Australia,,,,Liberals
Cotton1915,JQR,LIB,Liberal Party of Australia,,,,Liberals
Coulter1930,TF4,AD,Australian Democrats,,,,Australian Democrats
Courtenay1879,JQW,UAP,United Australia Party,,,,United Australia Party
Courtice1885,JQY,ALP,Australian Labor Party,,,,Labor
Cox1863,JRT,NAT,Nationalist Party,,1931-01-01,,Nationalist Party
Cox1863,JRT,UAP,United Australia Party,1931-01-01,,,United Australia Party
Cox1977,,GRN,Australian Greens,,,,Liberals
Crane1941,UW4,LIB,Liberal Party of Australia,,,,Liberals
Crawford1865,JRW,NAT,Nationalist Party,,1931-01-01,,Nationalist Party
Crawford1865,JRW,UAP,United Australia Party,1931-01-01,,,United Australia Party
CrichtonBrowne1944,XF4,IND LIB,Independent Liberal,1995-09-01,,,Independent Liberal
CrichtonBrowne1944,XF4,LIB,Liberal Party of Australia,,1995-09-01,,Liberals
Critchley1892,JSB,ALP,Australian Labor Party,,,,Labor
Croft1871,JTH,ALP,Australian Labor Party,,,,Labor
Crossin1956,7Y6,ALP,Australian Labor Party,,,,Labor
Crowley1938,ZF4,ALP,Australian Labor Party,,,,Labor
Culleton1964,266482,IND,Independent,2016-12-01,,,Independent
Culleton1964,266482,PHON,Pauline Hansons One Nation,,2016-12-01,,Pauline Hansons One Nation
Cunningham1879,JTK,ALP,Australian Labor Party,,,,Labor
Daly1891,JTL,ALP,Australian Labor Party,,,,Labor
Darcey1870,JTR,ALP,Australian Labor Party,,,,Labor
Dastyari1983,225099,ALP,Australian Labor Party,,,,Labor
Davey1972,281697,NP,The Nationals,,,,The Nationals
Davidson1915,JTT,LIB,Liberal Party of Australia,,,,Liberals
Dawson1863,JTV,ALP,Australian Labor Party,,,,Labor
Day1952,HYG,FFP,Family First Party,,,,Family First Party
Dein1889,JUD,UAP,United Australia Party,,,,United Australia Party
Dein1889,JUD,UAP,United Australia Party,,,,United Australia Party
deLargie1859,JU7,ALP,Australian Labor Party,,1917-01-01,,Labor
deLargie1859,JU7,NAT,Nationalist Party,1917-01-01,,,Nationalist Party
Denman1937,FY5,ALP,Australian Labor Party,,,,Labor
Devereux1946,1G4,ALP,Australian Labor Party,,1994-12-01,,Labor
Devereux1946,1G4,IND,Independent,1994-12-01,,,Independent
Devitt1921,JUH,ALP,Australian Labor Party,,,,Labor
Devlin1898,JUL,ALP,Australian Labor Party,,,,Labor
Devlin1926,JUI,ALP,Australian Labor Party,,,,Labor
DiNatale1970,53369,GRN,Australian Greens,,,,Australian Greens
Dittmer1904,JUM,ALP,Australian Labor Party,,,,Labor
Dobson1841,JVC,FT,Free Trade,,1903-01-01,,Free Trade
Dobson1841,JVC,TRP,Tariff Reform Party,1903-01-01,,,Tariff Reform Party
Dodson1948,SR5,ALP,Australian Labor Party,,,,Labor
Dooley1884,JVF,ALP,Australian Labor Party,,,,Labor
Downer1843,JVG,PROT,Protectionist Party,,,,Protectionist Party
Drake1850,JXO,PROT,Protectionist Party,,,,Protectionist Party
DrakeBrockman1884,JXP,NAT,Nationalist Party,,,,Nationalist Party
DrakeBrockman1919,JXR,CP,Australian Country Party,,1975-05-03,1.0,Nationals
DrakeBrockman1919,JXR,NCP,National Country Party,1975-05-03,,,Nationals
Drury1912,JXX,ALP,Australian Labor Party,,,,Labor
Duncan1883,JXZ,NAT,Nationalist Party,,,,Nationalist Party
DuncanHughes1882,JY7,LIB,Liberal Party of Australia,,1925-01-01,,Liberals
DuncanHughes1882,JY7,NAT,Nationalist Party,1925-01-01,1932-01-01,,Nationalist Party
DuncanHughes1882,JY7,UAP,United Australia Party,1932-01-01,,,United Australia Party
Duniam1982,263418,LIB,Liberal Party of Australia,,,,Liberals
Dunn1887,JYB,ALP,Australian Labor Party,,1931-03-01,,Labor
Dunn1887,JYB,LANG LAB,Lang Labor Party,1931-03-01,,,Lang Labor Party
Dunn1948,3K4,IND,Independent,1988-08-01,,,Independent
Dunn1948,3K4,NDP,Nuclear Disarmament Party,,1988-08-01,,Nuclear Disarmament Party
Durack1926,8G4,LIB,Liberal Party of Australia,,,,Liberals
Earle1865,JYF,NAT,Nationalist Party,,,,Nationalist Party
Edwards1962,225307,LIB,Liberal Party of Australia,,,,Liberals
Eggleston1941,4L6,LIB,Liberal Party of Australia,,,,Liberals
Elliott1878,JYG,NAT,Nationalist Party,,,,Nationalist Party
Elliott1884,JYH,CP,Australian Country Party,,,,Nationals
Ellison1954,9X5,LIB,Liberal Party of Australia,,,,Liberals
Elstob1924,JYI,ALP,Australian Labor Party,,,,Labor
Evans1928,JYL,AD,Australian Democrats,,,,Australian Democrats
Evans1944,VD4,ALP,Australian Labor Party,,,,Labor
Evans1958,AX5,ALP,Australian Labor Party,,,,Labor
Everett1917,JYN,ALP,Australian Labor Party,,,,Labor
Ewing1870,JYQ,FT,Free Trade,,,,Free Trade
Fairbairn1855,JYR,IND PROT,Independent Protectionist,,1910-01-01,,Independent Protectionist
Fairbairn1855,JYR,LIB,Liberal Party of Australia,1910-01-01,1917-07-01,,Liberal Party of Australia
Fairbairn1855,JYR,NAT,Nationalist Party,1917-07-01,,,Nationalist Party
Farrell1954,I0N,ALP,Australian Labor Party,,,,Labor
Faruqi1963,250362,GRN,Australian Greens,,,,Australian Greens
Faulkner1954,5K4,ALP,Australian Labor Party,,,,Labor
Fawcett1963,DYU,LIB,Liberal Party of Australia,,,,Liberals
Feeney1970,I0O,ALP,Australian Labor Party,,,,Labor
Ferguson1830,JYS,FT,Free Trade,,,,Free Trade
Ferguson1943,EP5,LIB,Liberal Party of Australia,,,,Liberals
Ferricks1875,JYT,ALP,Australian Labor Party,,,,Labor
Ferris1941,5L6,LIB,Liberal Party of Australia,,,,Liberals
Field1910,JYW,IND,Independent,,,,Independent
Fielding1960,E4R,FFP,Family First Party,,,,Family First Party
FierravantiWells1960,E4T,LIB,Liberal Party of Australia,,,,Liberals
Fifield1967,D2I,LIB,Liberal Party of Australia,,,,Liberals
Findley1864,JYX,ALP,Australian Labor Party,,,,Labor
Finlay1887,JZ8,ALP,Australian Labor Party,,,,Labor
Fisher1962,HBE,LIB,Liberal Party of Australia,,,,Liberals
Fitzgerald1910,JZB,ALP,Australian Labor Party,,,,Labor
Fitzgerald1910,JZB,ALP,Australian Labor Party,,,,Labor
Foll1890,JZD,NAT,Nationalist Party,,1931-01-01,,Nationalist Party
Foll1890,JZD,UAP,United Australia Party,1931-01-01,,,United Australia Party
Foreman1933,GG4,ALP,Australian Labor Party,,,,Labor
Forshaw1952,656,ALP,Australian Labor Party,,,,Labor
Foster1884,KKH,NAT,Nationalist Party,,,,Nationalist Party
Fraser1832,KKL,ANTI-SOC,Anti-Socialist Party,1906-01-01,,,Anti-Socialist Party
Fraser1832,KKL,PROT,Protectionist Party,,1906-01-01,,Protectionist Party
Fraser1889,KKR,ALP,Australian Labor Party,,,,Labor
Fraser1892,KKJ,LIB,Liberal Party of Australia,,,,Liberals
Furner1958,I0P,ALP,Australian Labor Party,,,,Labor
Gair1901,KKP,DLP,Democratic Labor Party,,,,Democratic Labor Party
Gallacher1954,204953,ALP,Australian Labor Party,,,,Labor
Gallagher1970,ING,ALP,Australian Labor Party,,,,Labor
Gardiner1867,KKZ,ALP,Australian Labor Party,,1926-06-30,,Labor
Gardiner1867,KKZ,PROG LAB,Progressive Labor,1928-06-05,,,Progressive Labor
Garling1870,KL7,NAT,Nationalist Party,,,,Nationalist Party
Georges1920,7V4,ALP,Australian Labor Party,,1986-12-01,,Labor
Georges1920,7V4,IND,Independent,1986-12-01,,,Independent
Georgiou1974,269583,PHON,Pauline Hansons One Nation,,,,Pauline Hansons One Nation
Gibbs1879,KLP,ALP,Australian Labor Party,,,,Labor
Gibbs1947,6L6,ALP,Australian Labor Party,,,,Labor
Gibson1869,KAY,CP,Australian Country Party,1920-01-01,,,Nationals
Gibson1869,KAY,FU,Farmers Union,,1919-01-01,,Farmers Union
Gibson1869,KAY,VFU,Victorian Farmers Union,1919-01-01,1920-01-01,,Victorian Farmers Union
Gibson1936,BX5,LIB,Liberal Party of Australia,,,,Liberals
Gichuhi1962,270552,FFP,Family First Party,,2017-05-03,,Family First Party
Gichuhi1962,270552,IND,Independent,2017-05-03,2018-02-01,,Independent
Gichuhi1962,270552,LIB,Liberal Party of Australia,2018-02-01,,,Liberal Party of Australia
Gietzelt1920,RG4,ALP,Australian Labor Party,,,,Labor
Giles1928,XG4,ALP,Australian Labor Party,,,,Labor
Givens1864,KLS,ALP,Australian Labor Party,,1917-01-01,,Labor
Givens1864,KLS,NAT,Nationalist Party,1917-01-01,,,Nationalist Party
Glasgow1876,KLU,NAT,Nationalist Party,,,,Nationalist Party
Glassey1844,KLW,PROT,Protectionist Party,,,,Protectionist Party
Gorton1911,KH5,IND,Independent,1975-05-23,,,Independent
Gorton1911,KH5,LIB,Liberal Party of Australia,,1975-05-23,,Liberals
Gould1847,KLZ,ANTI-SOC,Anti-Socialist Party,1906-01-01,1913-01-01,,Anti-Socialist Party
Gould1847,KLZ,FT,Free Trade,,1906-01-01,,Free Trade
Gould1847,KLZ,LIB,Liberal Party of Australia,1913-01-01,,,Liberal Party of Australia
Graham1867,KMI,ALP,Australian Labor Party,,,,Labor
Grant1857,KMP,ALP,Australian Labor Party,,,,Labor
Grant1878,KMK,NAT,Nationalist Party,,1931-01-01,,Nationalist Party
Grant1878,KMK,UAP,United Australia Party,1931-01-01,,,United Australia Party
Grant1888,KMN,ALP,Australian Labor Party,,,,Labor
Gray1840,KMT,FT,Free Trade,,,,Free Trade
Green,283595,ALP,Australian Labor Party,,,,Australian Labor Party
Greenwood1926,KMX,LIB,Liberal Party of Australia,,,,Liberals
Greig1966,86X,AD,Australian Democrats,,,,Australian Democrats
Griff1957,76760,CA,Centre Alliance,2018-04-10,,,Centre Alliance
Griff1957,76760,NXT,Nick Xenophon Team,,2018-04-10,1.0,Nick Xenophon Team
Grimes1937,9V4,ALP,Australian Labor Party,,,,Labor
Grogan,,ALP,Australian Labor Party,,,,Labor
Guilfoyle1926,C7D,LIB,Liberal Party of Australia,,,,Liberals
Guthrie1856,KNB,ALP,Australian Labor Party,,1917-01-01,,Labor
Guthrie1856,KNB,NAT,Nationalist Party,1917-01-01,,,Nationalist Party
Guthrie1872,KN7,NAT,Nationalist Party,,1931-01-01,,Nationalist Party
Guthrie1872,KN7,UAP,United Australia Party,1931-01-01,,,United Australia Party
Guy1860,KNN,ALP,Australian Labor Party,,,,Labor
Guy1890,KFW,ALP,Australian Labor Party,,1931-01-01,,Labor
Guy1890,KFW,LIB,Liberal Party of Australia,1944-01-01,,,Liberal Party of Australia
Guy1890,KFW,UAP,United Australia Party,1931-01-01,1944-01-01,,United Australia Party
Haines1945,1H4,AD,Australian Democrats,,,,Australian Democrats
Hall1928,2H4,LIB,Liberal Party of Australia,1976-06-01,,,Liberal Party of Australia
Hall1928,2H4,LM,Liberal Movement,,1976-06-01,,Liberal Movement
Hamer1923,4H4,LIB,Liberal Party of Australia,,,,Liberals
Hannaford1903,KNR,IND,Independent,1967-02-01,,,Independent
Hannaford1903,KNR,LIB,Liberal Party of Australia,,1967-02-01,,Liberals
Hannan1873,KGG,ALP,Australian Labor Party,,,,Labor
Hannan1910,KNU,LIB,Liberal Party of Australia,,1974-03-01,,Liberals
Hannan1910,KNU,NAT LIB,National Liberal Party,1974-03-01,,,National Liberal Party
Hanson1954,BK6,IND,Independent,,1997-06-01,,Independent
Hanson1954,BK6,PHON,Pauline Hansons One Nation,1997-06-01,,,Pauline Hansons One Nation
HansonYoung1981,I0U,GRN,Australian Greens,,,,Australian Greens
Hardy1898,KNZ,CP,Australian Country Party,,,,Nationals
Harney1865,KO8,FT,Free Trade,,,,Free Trade
Harradine1935,6H4,IND,Independent,,,,Independent
Harris1890,232369,ALP,Australian Labor Party,,,,Labor
Hayes1868,KOF,LIB,Liberal Party of Australia,1944-01-01,,,Liberal Party of Australia
Hayes1868,KOF,NAT,Nationalist Party,,1931-01-01,,Nationalist Party
Hayes1868,KOF,UAP,United Australia Party,1931-01-01,1944-01-01,,United Australia Party
Hays1869,KOJ,LIB,Liberal Party of Australia,1944-01-01,,,Liberal Party of Australia
Hays1869,KOJ,NAT,Nationalist Party,,1931-01-01,,Nationalist Party
Hays1869,KOJ,UAP,United Australia Party,1931-01-01,1944-01-01,,United Australia Party
Hearn1921,KOM,ALP,Australian Labor Party,,,,Labor
Heatley1920,KOO,LIB,Liberal Party of Australia,,,,Liberals
Heffernan1943,C16,LIB,Liberal Party of Australia,,,,Liberals
Henderson1857,KOS,ALP,Australian Labor Party,,1917-01-01,,Labor
Henderson1857,KOS,NAT,Nationalist Party,1917-01-01,,,Nationalist Party
Henderson1964,ZN4,LIB,Liberal Party of Australia,,,,Liberals
Hendrickson1897,KOU,ALP,Australian Labor Party,,,,Labor
Henty1903,KOW,LIB,Liberal Party of Australia,,,,Liberals
Herron1932,VW4,LIB,Liberal Party of Australia,,,,Liberals
Higgs1862,KHE,ALP,Australian Labor Party,,1920-01-15,,Labor
Higgs1862,KHE,IND,Independent,1920-01-15,1920-09-01,,Independent
Higgs1862,KHE,NAT,Nationalist Party,1920-09-01,,,Nationalist Party
Hill1946,BH4,LIB,Liberal Party of Australia,,,,Liberals
Hill1960,,PHON,Pauline Hansons One Nation,,,,Pauline Hansons One Nation
Hinch1944,2O4,DHJP,Derryn Hinchs Justice Party,,,,Derryn Hinchs Justice Party
Hoare1874,KOZ,ALP,Australian Labor Party,,,,Labor
Hogg1949,7L6,ALP,Australian Labor Party,,,,Labor
Hughes,273828,LIB,Liberal Party of Australia,,,,Liberals
Hume1971,266499,LIB,Liberal Party of Australia,,,,Liberals
Humphries1958,KO6,LIB,Liberal Party of Australia,,,,Liberals
Hurley1955,E4U,ALP,Australian Labor Party,,,,Labor
Hutchins1956,84P,ALP,Australian Labor Party,,,,Labor
Jenkins1938,IH4,AD,Australian Democrats,,,,Australian Democrats
Jessop1927,KKD,IND,Independent,1987-06-01,,,Independent
Jessop1927,KKD,LIB,Liberal Party of Australia,,1987-06-01,,Liberals
Johnston1880,KP8,CP,Australian Country Party,,,,Nationals
Johnston1956,00AON,LIB,Liberal Party of Australia,,,,Liberals
JonesGerry1932,LH4,ALP,Australian Labor Party,,,,Labor
Joyce1967,E5D,NP,The Nationals,,,,The Nationals
KakoschkeMoore1985,265982,NXT,Nick Xenophon Team,,,,Nick Xenophon Team
Kane1908,KPA,DLP,Democratic Labor Party,,,,Democratic Labor Party
Katz1887,KPC,ALP,Australian Labor Party,,,,Labor
Keane1881,KE4,ALP,Australian Labor Party,,,,Labor
Keating1872,KPE,LIB,Liberal Party of Australia,1913-01-01,,,Liberal Party of Australia
Keating1872,KPE,PROT,Protectionist Party,,1913-01-01,,Protectionist Party
Keeffe1919,KPG,ALP,Australian Labor Party,,,,Labor
Kemp1944,WW4,LIB,Liberal Party of Australia,,,,Liberals
Kendall1899,KPI,LIB,Liberal Party of Australia,,,,Liberals
Keneally1968,LNW,ALP,Australian Labor Party,,,,Labor
Kennelly1900,KPK,ALP,Australian Labor Party,,,,Labor
Kernot1948,XW4,AD,Australian Democrats,,1997-10-15,,Australian Democrats
Kernot1948,XW4,ALP,Australian Labor Party,,,,Labor
Ketter1961,244247,ALP,Australian Labor Party,,,,Labor
Kilgariff1923,KPO,CLP,Country Liberal Party (Northern Territory),,,,Country Liberal Party (Northern Territory)
Kingsmill1864,KPQ,NAT,Nationalist Party,,,,Nationalist Party
Kirk1967,00AOO,ALP,Australian Labor Party,,,,Labor
Kitching1970,247512,ALP,Australian Labor Party,,,,Labor
Kneebone1876,KPT,ALP,Australian Labor Party,,,,Labor
Knight1943,KPV,LIB,Liberal Party of Australia,,,,Liberals
Knowles1951,TH4,LIB,Liberal Party of Australia,,,,Liberals
Kroger1959,G1N,LIB,Liberal Party of Australia,,,,Liberals
Lacey1900,KPZ,ALP,Australian Labor Party,,,,Labor
Lajovic1921,KQD,LIB,Liberal Party of Australia,,,,Liberals
Lambie1971,250026,JLN,Jacqui Lambie Network,2019-07-01,,,
Lambie1971,250026,IND,Independent,2014-11-24,2015-05-14,,Independent
Lambie1971,250026,JLN,Jacqui Lambie Network,2015-05-14,,,Jacqui Lambie Network
Lambie1971,250026,PUP,Palmer United Party,,2014-11-24,,Palmer United Party
Lamp1895,KQF,ALP,Australian Labor Party,,,,Labor
Large1878,KQH,ALP,Australian Labor Party,,,,Labor
Latham1882,KQL,CP,Australian Country Party,,,,Nationals
Laucke1914,KQN,LIB,Liberal Party of Australia,,,,Liberals
Laught1907,KQQ,LIB,Liberal Party of Australia,,,,Liberals
Lawrie1907,KQV,CP,Australian Country Party,,1975-05-03,1.0,Nationals
Lawrie1907,KQV,NCP,National Country Party,1975-05-03,,,Nationals
Lawson1875,KQZ,NAT,Nationalist Party,,,,Nationalist Party
Lazarus1965,108616,PUP,Palmer United Party,,,,Palmer United Party
Leckie1872,KR9,LIB,Liberal Party of Australia,1944-01-01,,,Liberal Party of Australia
Leckie1872,KR9,NAT,Nationalist Party,,1919-12-13,,Nationalist Party
Leckie1872,KR9,UAP,United Australia Party,1935-07-01,1944-01-01,,United Australia Party
Lees1948,8U4,AD,Australian Democrats,,2002-07-01,,Australian Democrats
Lees1948,8U4,APA,Australian Progressive Alliance,2003-04-01,,,Australian Progressive Alliance
Lees1948,8U4,IND,Independent,2002-07-01,2003-04-01,,Independent
Lewis1932,NG4,LIB,Liberal Party of Australia,,,,Liberals
Leyonhjelm1952,111206,LDP,Liberal Democratic Party,,,,Liberal Democratic Party
Lightfoot1936,WP6,LIB,Liberal Party of Australia,,,,Liberals
Lillico1905,KRG,LIB,Liberal Party of Australia,,,,Liberals
Lindgren1969,258337,LIB,Liberal Party of Australia,,,,Liberals
Lines1953,112096,ALP,Australian Labor Party,,,,Labor
Little1914,KRU,DLP,Democratic Labor Party,,,,Democratic Labor Party
Long1870,KRX,ALP,Australian Labor Party,,,,Labor
Loosley1952,BS4,ALP,Australian Labor Party,,,,Labor
Ludlam1970,I07,GRN,Australian Greens,,,,Australian Greens
Ludwig1959,84N,ALP,Australian Labor Party,,,,Labor
Lundy1967,7G6,ALP,Australian Labor Party,,,,Labor
Lynch1867,KRZ,ALP,Australian Labor Party,,1917-01-01,,Labor
Lynch1867,KRZ,NAT,Nationalist Party,1917-01-01,,,Nationalist Party
MacDonald1880,KS9,ALP,Australian Labor Party,,1928-11-16,,Labor
MacDonald1880,KS9,FLP,Federal Labor Party,1932-07-01,,,Federal Labor Party
MacDonald1892,KS7,LIB,Liberal Party of Australia,1944-01-01,,,Liberal Party of Australia
MacDonald1892,KS7,UAP,United Australia Party,,1944-01-01,,United Australia Party
Macdonald1945,YW4,LIB,Liberal Party of Australia,,,,Liberals
Macdonald1954,CX5,NP,The Nationals,2003-10-11,,,Nationals
Macdonald1954,CX5,NPA,National Party of Australia,,2003-10-11,,Nationals
Macfarlane1844,KSH,FT,Free Trade,,,,Free Trade
MacGibbon1934,YH4,LIB,Liberal Party of Australia,,,,Liberals
Mackay1960,9L6,ALP,Australian Labor Party,,,,Labor
Mackellar1844,KSJ,PROT,Protectionist Party,,,,Protectionist Party
Macklin1943,2I4,AD,Australian Democrats,,,,Australian Democrats
Madigan1966,217571,DLP,Democratic Labor Party,,2014-09-01,,Democratic Labor Party
Madigan1966,217571,IND,Independent,2014-09-01,,,Independent
Maguire1945,7I4,ALP,Australian Labor Party,,,,Labor
Maher1891,KSL,CP,Australian Country Party,,,,Nationals
Margetts1955,DX5,GWA,The Greens (WA) Inc,,,,The Greens (WA) Inc
Marriott1913,KSN,LIB,Liberal Party of Australia,,,,Liberals
Marshall1960,00AOP,ALP,Australian Labor Party,,,,Labor
Martin1960,275266,IND,Independent,2018-02-08,2018-05-01,,Independent
Martin1960,275266,JLN,Jacki Lambie Network,,2018-02-08,,Jacki Lambie Network
Martin1960,275266,NP,The Nationals,2018-05-01,,,Nationals
Martyr1932,KNA,LIB,Liberal Party of Australia,,,,Liberals
Marwick1895,KNC,CP,Australian Country Party,,,,Nationals
Mason1926,L8O,AD,Australian Democrats,,,,Australian Democrats
Mason1962,84M,LIB,Liberal Party of Australia,,,,Liberals
MassyGreene1874,KNF,LIB,Liberal Party of Australia,,1917-02-17,,Liberals
MassyGreene1874,KNF,NAT,Nationalist Party,1917-02-17,,,Nationalist Party
Matheson1861,KSQ,FT,Free Trade,,,,Free Trade
Mattner1893,KSS,LIB,Liberal Party of Australia,,,,Liberals
Maughan1863,KSU,ALP,Australian Labor Party,,,,Labor
Maunsell1922,KSW,CP,Australian Country Party,,1975-05-03,1.0,Nationals
Maunsell1922,KSW,NCP,National Country Party,1975-05-03,,,Nationals
McAllister1973,121628,ALP,Australian Labor Party,,,,Labor
McAuliffe1918,KSY,ALP,Australian Labor Party,,,,Labor
McBride1892,KOL,LCL,Liberal Country League,1951-01-01,1954-01-01,,Liberal Country League
McBride1892,KOL,LIB,Liberal Party of Australia,1946-09-28,1951-01-01,,Liberal Party of Australia
McBride1892,KOL,LIB,Liberal Party of Australia,1954-01-01,,,Liberal Party of Australia
McBride1892,KOL,UAP,United Australia Party,,1944-06-20,,United Australia Party
McCallum1892,KT8,LIB,Liberal Party of Australia,,,,Liberals
McCarthy1970,122087,ALP,Australian Labor Party,,,,Labor
McClelland1915,5U4,ALP,Australian Labor Party,,,,Labor
McClelland1926,KTA,ALP,Australian Labor Party,,,,Labor
McColl1844,KQ4,ANTI-SOC,Anti-Socialist Party,1906-11-05,1913-01-01,,Anti-Socialist Party
McColl1844,KQ4,LIB,Liberal Party of Australia,1913-01-01,,,Liberal Party of Australia
McColl1844,KQ4,PROT,Protectionist Party,,1906-11-05,,Protectionist Party
McDonald,123072,NP,The Nationals,,,,The Nationals
McDougall1857,KTD,ALP,Australian Labor Party,,,,Labor
McEwen1954,E5E,ALP,Australian Labor Party,,,,Labor
McGauran1957,WH4,LIB,Liberal Party of Australia,2006-02-01,,,Liberal Party of Australia
McGauran1957,WH4,NP,The Nationals,2003-10-11,2006-02-01,,Nationals
McGauran1957,WH4,NPA,National Party of Australia,,2003-10-11,,Nationals
McGrath1974,217241,LIB,Liberal Party of Australia,,,,Liberals
McGregor1848,KTF,ALP,Australian Labor Party,,,,Labor
McHugh1887,KTH,ALP,Australian Labor Party,,,,Labor
McIntosh1925,KTJ,ALP,Australian Labor Party,,,,Labor
McKellar1903,KTL,CP,Australian Country Party,,,,Nationals
McKenna1895,KTN,ALP,Australian Labor Party,,,,Labor
McKenzie1969,207825,NP,The Nationals,,,,The Nationals
McKiernan1944,1I4,ALP,Australian Labor Party,,,,Labor
McKim1965,JKM,GRN,Australian Greens,,,,Australian Greens
McKissock1872,KTP,ALP,Australian Labor Party,,,,Labor
McLachlan1870,KTX,UAP,United Australia Party,,,,United Australia Party
McLachlan1872,KTR,NAT,Nationalist Party,,1931-01-01,,Nationalist Party
McLachlan1872,KTR,UAP,United Australia Party,1931-01-01,,,United Australia Party
McLachlan1966,,LIB,Liberal Party of Australia,,,,Liberals
McLaren1921,KTZ,ALP,Australian Labor Party,,,,Labor
McLean1937,3I4,AD,Australian Democrats,,,,Australian Democrats
McLeay1892,KUA,LIB,Liberal Party of Australia,1944-01-01,,,Liberal Party of Australia
McLeay1892,KUA,UAP,United Australia Party,,1944-01-01,,United Australia Party
McLucas1958,84L,ALP,Australian Labor Party,,,,Labor
McMahon1967,282728,CLP,Country Liberal Party (Northern Territory),,,,Country Liberal Party (Northern Territory)
McManus1905,KUD,ALP (A-C),Australian Labor Party (Anti-Communist),,1957-01-01,,Australian Labor Party (Anti-Communist)
McManus1905,KUD,DLP,Democratic Labor Party,1957-01-01,,,Democratic Labor Party
McMullan1947,5I4,ALP,Australian Labor Party,,,,Labor
McMullin1900,KUH,LIB,Liberal Party of Australia,,,,Liberals
Melzer1926,KUJ,ALP,Australian Labor Party,,,,Labor
Messner1939,9I4,LIB,Liberal Party of Australia,,,,Liberals
Millen1860,KUL,ANTI-SOC,Anti-Socialist Party,1906-01-01,1913-01-01,,Anti-Socialist Party
Millen1860,KUL,FT,Free Trade,,1906-01-01,,Free Trade
Millen1860,KUL,LIB,Liberal Party of Australia,1913-01-01,1917-01-01,,Liberal Party of Australia
Millen1860,KUL,NAT,Nationalist Party,1917-01-01,,,Nationalist Party
Millen1877,KUP,NAT,Nationalist Party,,1931-01-01,,Nationalist Party
Millen1877,KUP,UAP,United Australia Party,1931-01-01,,,United Australia Party
Milliner1911,KUS,ALP,Australian Labor Party,,,,Labor
Milne1953,KA5,GRN,Australian Greens,,,,Australian Greens
Minchin1953,JX4,LIB,Liberal Party of Australia,,,,Liberals
Missen1925,KUU,LIB,Liberal Party of Australia,,,,Liberals
Molan1950,FAB,LIB,Liberal Party of Australia,,,,Liberals
Mooney1880,KUY,LANG LAB,Lang Labor Party,,,,Lang Labor Party
Moore1956,00AOQ,ALP,Australian Labor Party,,,,Labor
Morris1903,KV9,LIB,Liberal Party of Australia,,,,Liberals
Morris1936,GI4,ALP,Australian Labor Party,,,,Labor
Morrow1888,KVB,ALP,Australian Labor Party,,,,Labor
Muir1980,250024,AMEP,Australian Motoring Enthusiast Party,,,,Australian Motoring Enthusiast Party
Mulcahy1850,KVD,NAT,Nationalist Party,1919-01-15,,,Nationalist Party
Mulcahy1850,KVD,PROT,Protectionist Party,,1910-05-10,,Protectionist Party
Mullan1871,KVH,ALP,Australian Labor Party,,,,Labor
Mulvihill1919,KVK,ALP,Australian Labor Party,,,,Labor
Murphy1922,1L5,ALP,Australian Labor Party,,,,Labor
Murphy1952,FX5,ALP,Australian Labor Party,,2001-01-01,,Labor
Murphy1952,FX5,IND,Independent,2001-01-01,,,Independent
Murray1906,JXC,ALP,Australian Labor Party,,,,Labor
Murray1947,3M6,AD,Australian Democrats,,,,Australian Democrats
Nash1890,JXE,ALP,Australian Labor Party,,,,Labor
Nash1965,E5G,NP,The Nationals,,,,The Nationals
Neal1947,JXG,NCP,National Country Party,,,,Nationals
Neal1963,B36,ALP,Australian Labor Party,,,,Labor
Needham1872,JXJ,ALP,Australian Labor Party,,,,Labor
Negus1912,JXM,IND,Independent,,,,Independent
Neild1846,JXT,FT,Free Trade,,,,Free Trade
Nettle1973,00AOR,GRN,Australian Greens,,,,Australian Greens
Newlands1864,JXV,ALP,Australian Labor Party,,1917-01-01,,Labor
Newlands1864,JXV,NAT,Nationalist Party,1917-01-01,,,Nationalist Party
Newman1937,BE4,LIB,Liberal Party of Australia,,,,Liberals
Nicholls1894,JY6,ALP,Australian Labor Party,,,,Labor
Oakes1861,JZM,LIB,Liberal Party of Australia,,,,Liberals
OBrien1951,8O6,ALP,Australian Labor Party,,,,Labor
OByrne1912,JYA,ALP,Australian Labor Party,,,,Labor
OChee1965,EU4,NPA,National Party of Australia,,,,Nationals
OConnor1851,JYD,PROT,Protectionist Party,,,,Protectionist Party
OFlaherty1886,JYY,ALP,Australian Labor Party,,,,Labor
Ogden1868,JZR,ALP,Australian Labor Party,,1926-01-01,,Labor
Ogden1868,JZR,IND,Independent,1926-01-01,1928-01-01,,Independent
Ogden1868,JZR,NAT,Nationalist Party,1928-01-01,,,Nationalist Party
OHalloran1893,JZ6,ALP,Australian Labor Party,,,,Labor
OKeefe1864,JZ9,ALP,Australian Labor Party,,,,Labor
OLoghlin1852,JZC,ALP,Australian Labor Party,,,,Labor
Olsen1945,DU4,LIB,Liberal Party of Australia,,,,Liberals
ONeill1961,140651,ALP,Australian Labor Party,,,,Labor
Ormonde1901,JZU,ALP,Australian Labor Party,,,,Labor
OSullivan1900,JZI,LIB,Liberal Party of Australia,,,,Liberals
OSullivan1957,247871,NP,The Nationals,,,,The Nationals
OSullivan1986,283585,LIB,Liberal Party of Australia,,,,Liberals
Paltridge1910,JZY,LIB,Liberal Party of Australia,,,,Liberals
Panizza1931,JI4,LIB,Liberal Party of Australia,,,,Liberals
Parer1936,KI4,LIB,Liberal Party of Australia,,,,Liberals
Parry1960,E5V,LIB,Liberal Party of Australia,,,,Liberals
Paterson1987,144138,LIB,Liberal Party of Australia,,,,Liberals
Patrick1967,114292,CA,Centre Alliance,2018-06-08,,,Centre Alliance
Patrick1967,114292,NXT,Nick Xenophon Team,,2018-06-08,1.0,Nick Xenophon Team
Patterson1944,LI4,LIB,Liberal Party of Australia,,,,Liberals
Payne1866,K09,NAT,Nationalist Party,,1931-01-01,,Nationalist Party
Payne1866,K09,UAP,United Australia Party,1931-01-01,,,United Australia Party
Payne1964,M56,LIB,Liberal Party of Australia,,,,Liberals
Pearce1870,K0F,ALP,Australian Labor Party,,1917-01-01,,Labor
Pearce1870,K0F,NAT,Nationalist Party,1917-01-01,1931-01-01,,Nationalist Party
Pearce1870,K0F,UAP,United Australia Party,1931-01-01,,,United Australia Party
Pearson1905,K0L,LIB,Liberal Party of Australia,,,,Liberals
Peris1971,CDK,ALP,Australian Labor Party,,,,Labor
Piesse1900,K0Q,CP,Australian Country Party,,,,Nationals
Plain1868,K0S,NAT,Nationalist Party,,1931-01-01,,Nationalist Party
Plain1868,K0S,UAP,United Australia Party,1931-01-01,,,United Australia Party
Playford1837,K0X,PROT,Protectionist Party,,,,Protectionist Party
Poke1906,K19,ALP,Australian Labor Party,,,,Labor
Polley1957,E5X,ALP,Australian Labor Party,,,,Labor
Poulter1913,K1B,ALP,Australian Labor Party,,,,Labor
Powell1942,OI4,AD,Australian Democrats,,1992-07-01,,Australian Democrats
Powell1942,OI4,IND,Independent,1992-07-01,,,Independent
Power1883,K1D,ALP,Australian Labor Party,,,,Labor
Poyser1915,K1F,ALP,Australian Labor Party,,,,Labor
Pratt1972,I0T,ALP,Australian Labor Party,,,,Labor
Pratten1865,K1J,NAT,Nationalist Party,,,,Nationalist Party
Primmer1924,K1M,ALP,Australian Labor Party,,,,Labor
Prowse1905,K1R,CP,Australian Country Party,,,,Nationals
Pulsford1844,K1U,FT,Free Trade,,,,Free Trade
Puplick1948,TI4,LIB,Liberal Party of Australia,,,,Liberals
Quirke1950,ZS6,ALP,Australian Labor Party,,,,Labor
Rae1860,K1Z,ALP,Australian Labor Party,,1931-01-01,,Labor
Rae1860,K1Z,LANG LAB,Lang Labor Party,1931-01-01,,,Lang Labor Party
Rae1932,CAK,LIB,Liberal Party of Australia,,,,Liberals
Rankin1887,K2A,CP,Australian Country Party,1943-01-01,,,Nationals
Rankin1887,K2A,ST CP,State Country Party,,1940-01-01,,State Country Party
Rankin1887,K2A,UCP,United Country Party,1940-01-01,1943-01-01,,United Country Party
Rankin1908,K28,LIB,Liberal Party of Australia,,,,Liberals
Ray1947,UI4,ALP,Australian Labor Party,,,,Labor
Ready1878,K2D,ALP,Australian Labor Party,,,,Labor
Reid1842,K2Q,FT,Free Trade,,,,Free Trade
Reid1856,K2L,NAT,Nationalist Party,,,,Nationalist Party
Reid1886,K2G,CP,Australian Country Party,,,,Nationals
Reid1933,K2J,CP,Australian Country Party,,,,Nationals
ReidMargaret1935,VI4,LIB,Liberal Party of Australia,,,,Liberals
Rennick1970,283596,LIB,Liberal Party of Australia,,,,Liberal Party of Australia
Reynolds1941,XI4,ALP,Australian Labor Party,,,,Labor
Reynolds1965,250216,LIB,Liberal Party of Australia,,,,Liberals
Rhiannon1951,CPR,GRN,Australian Greens,,,,Australian Greens
Rice1960,155410,GRN,Australian Greens,,,,Australian Greens
Richardson1949,4E4,ALP,Australian Labor Party,,,,Labor
Ridgeway1962,8G6,AD,Australian Democrats,,,,Australian Democrats
Ridley1909,K2N,ALP,Australian Labor Party,,,,Labor
Roberts1955,266524,PHON,Pauline Hansons One Nation,,,,Pauline Hansons One Nation
Robertson1882,K2S,CP,Australian Country Party,1955-01-01,,,Australian Country Party
Robertson1882,K2S,LIB,Liberal Party of Australia,,1955-01-01,,Liberals
Robertson1929,K2U,ALP,Australian Labor Party,,,,Labor
Robinson1877,K2X,NAT,Nationalist Party,,,,Nationalist Party
Robinson1907,K37,CP,Australian Country Party,,,,Nationals
Rocher1936,ZI4,IND,Independent,1995-08-01,,,Independent
Rocher1936,ZI4,LIB,Liberal Party of Australia,,1995-08-01,,Liberals
Ronaldson1954,XT4,LIB,Liberal Party of Australia,,,,Liberals
Rowell1851,K3B,NAT,Nationalist Party,,,,Nationalist Party
Russell1842,K3G,ALP,Australian Labor Party,,,,Labor
Russell1878,K3E,ALP,Australian Labor Party,,1917-01-01,,Labor
Russell1878,K3E,NAT,Nationalist Party,1917-01-01,,,Nationalist Party
Ruston1963,243273,LIB,Liberal Party of Australia,,,,Liberals
Ryan1890,K3I,ALP,Australian Labor Party,,,,Labor
Ryan1942,GD5,ALP,Australian Labor Party,,,,Labor
Ryan1973,I0Q,LIB,Liberal Party of Australia,,,,Liberals
Sampson1882,K3L,LIB,Liberal Party of Australia,1944-01-01,,,Liberal Party of Australia
Sampson1882,K3L,NAT,Nationalist Party,,1931-01-01,,Nationalist Party
Sampson1882,K3L,UAP,United Australia Party,1931-01-01,1944-01-01,,United Australia Party
Sanders1932,1J4,AD,Australian Democrats,,,,Australian Democrats
Sandford1895,K4S,ALP,Australian Labor Party,,,,Labor
Santoro1956,BOT,LIB,Liberal Party of Australia,,,,Liberals
Sargood1834,K54,FT,Free Trade,,,,Free Trade
Saunders1855,K5B,FT,Free Trade,,,,Free Trade
Sayers1845,K5F,ANTI-SOC,Anti-Socialist Party,,,,Anti-Socialist Party
Scarr1969,282997,LIB,Liberal Party of Australia,,,,Liberal Party of Australia
Schacht1946,4J4,ALP,Australian Labor Party,,,,Labor
Scott1910,K5K,LIB,Liberal Party of Australia,,,,Liberals
Scott1920,K5H,CP,Australian Country Party,,1975-05-03,1.0,Nationals
Scott1920,K5H,NCP,National Country Party,1975-05-03,1982-10-17,1.0,Nationals
Scott1920,K5H,NPA,National Party of Australia,1982-10-17,,,Nationals
Scullion1956,00AOM,CLP,Country Liberal Party (Northern Territory),,,,Country Liberal Party (Northern Territory)
Senior1850,K5R,ALP,Australian Labor Party,,1917-01-01,,Labor
Senior1850,K5R,NAT,Nationalist Party,1917-01-01,,,Nationalist Party
Seselja1977,HZE,LIB,Liberal Party of Australia,,,,Liberals
Seward1884,K5T,CP,Australian Country Party,,,,Nationals
Shannon1862,K5V,LIB,Liberal Party of Australia,,,,Liberals
Sheehan1885,K5X,ALP,Australian Labor Party,,,,Labor
Sheil1929,BJ4,CP,Australian Country Party,,1975-05-03,1.0,Nationals
Sheil1929,BJ4,NCP,National Country Party,1975-05-03,1982-10-17,1.0,Nationals
Sheil1929,BJ4,NPA,National Party of Australia,1982-10-17,,,Nationals
Sheldon1961,168275,ALP,Australian Labor Party,,,,Labor
Sherrington1902,K5Z,LIB,Liberal Party of Australia,,,,Liberals
Sherry1955,ZW4,ALP,Australian Labor Party,,,,Labor
Short1936,DJ4,LIB,Liberal Party of Australia,,,,Liberals
Sibraa1937,EJ4,ALP,Australian Labor Party,,,,Labor
Siddons1927,EVL,AD,Australian Democrats,,1986-11-01,,Australian Democrats
Siddons1927,EVL,IND,Independent,1986-11-01,1987-03-01,,Independent
Siddons1927,EVL,UNITE AP,Unite Australia Party (John Siddons Group),1987-03-01,,,Unite Australia Party (John Siddons Group)
Siewert1961,E5Z,GRN,Australian Greens,,,,Australian Greens
Sim1917,K69,LIB,Liberal Party of Australia,,,,Liberals
Simmonds1889,K6B,LIB,Liberal Party of Australia,,,,Liberals
Simms1984,170166,GRN,Australian Greens,,,,Australian Greens
Singh1972,M0R,ALP,Australian Labor Party,,,,Labor
Sinodinos1957,BV7,LIB,Liberal Party of Australia,,,,Liberals
Small1988,,LIB,Liberal Party of Australia,,,,Liberals
Smith1969,241710,LIB,Liberal Party of Australia,,,,Liberals
Smith1986,281603,ALP,Australian Labor Party,,,,Labor
SmithMiles1869,K6D,FT,Free Trade,,,,Free Trade
Sowada1961,VC5,AD,Australian Democrats,,,,Australian Democrats
Spender1975,244276,LDP,Liberal Democratic Party,,,,Liberal Democratic Party
Spicer1899,K6Z,LIB,Liberal Party of Australia,,,,Liberals
Spindler1932,0X4,AD,Australian Democrats,,,,Australian Democrats
Spooner1897,K7A,LIB,Liberal Party of Australia,,,,Liberals
SteeleJohn1994,250156,GRN,Australian Greens,,,,Australian Greens
Stephens1954,00AOS,ALP,Australian Labor Party,,,,Labor
Sterle1960,E68,ALP,Australian Labor Party,,,,Labor
Stewart1850,K7D,ALP,Australian Labor Party,,,,Labor
StLedger1859,K78,ANTI-SOC,Anti-Socialist Party,,,,Anti-Socialist Party
Stoker1982,237920,LIB,Liberal Party of Australia,,,,Liberal Party of Australia
Stone1929,LJ4,NPA,National Party of Australia,,,,Nationals
Storer1969,275424,IND,Independent,,,,Independent
Story1857,K7L,ALP,Australian Labor Party,,1917-01-01,,Labor
Story1857,K7L,NAT,Nationalist Party,1917-01-01,,,Nationalist Party
StottDespoja1969,3I6,AD,Australian Democrats,,,,Australian Democrats
Styles1841,K7R,PROT,Protectionist Party,,,,Protectionist Party
Sullivan1942,3.00E+04,LIB,Liberal Party of Australia,,,,Liberals
Symon1846,K7V,ANTI-SOC,Anti-Socialist Party,1906-01-01,,,Anti-Socialist Party
Symon1846,K7V,FT,Free Trade,,1906-01-01,,Free Trade
Synon1959,FQ6,LIB,Liberal Party of Australia,,,,Liberals
Tambling1943,6E4,CLP,Country Liberal Party (Northern Territory),1987-07-11,,,Country Liberal Party (Northern Territory)
Tambling1943,6E4,NCP,National Country Party,,1982-10-17,1.0,Nationals
Tambling1943,6E4,NPA,National Party of Australia,1982-10-17,,,Nationals
Tangney1907,K7Y,ALP,Australian Labor Party,,,,Labor
Tate1894,K89,LIB,Liberal Party of Australia,,,,Liberals
Tate1945,NJ4,ALP,Australian Labor Party,,,,Labor
Tchen1941,86Y,LIB,Liberal Party of Australia,,,,Liberals
Teague1944,PJ4,LIB,Liberal Party of Australia,,,,Liberals
Tehan1916,K8D,NCP,National Country Party,,,,Nationals
Thistlethwaite1972,182468,ALP,Australian Labor Party,,,,Labor
Thomas1863,K8L,ALP,Australian Labor Party,,1917-02-17,,Labor
Thomas1863,K8L,NAT,Nationalist Party,1917-02-17,,,Nationalist Party
Thomas1936,K8H,LIB,Liberal Party of Australia,,,,Liberals
Thompson1863,K8P,NAT,Nationalist Party,,,,Nationalist Party
Thorp1953,183342,ALP,Australian Labor Party,,,,Labor
Thorpe1973,,GRN,Australian Greens,,,,The Greens
Tierney1946,O15,LIB,Liberal Party of Australia,,,,Liberals
Tillem1974,249499,ALP,Australian Labor Party,,,,Labor
Toohey1909,K8N,ALP,Australian Labor Party,,,,Labor
Townley1934,K8R,IND,Independent,,1975-02-01,,Independent
Townley1934,K8R,IND,Independent,1987-06-01,,,Independent
Townley1934,K8R,LIB,Liberal Party of Australia,1975-02-01,1987-06-01,,Liberal Party of Australia
Trenwith1846,K8T,IND,Independent,,,,Independent
Troeth1940,GX5,LIB,Liberal Party of Australia,,,,Liberals
Trood1948,E6A,LIB,Liberal Party of Australia,,,,Liberals
Turley1859,K8W,ALP,Australian Labor Party,,,,Labor
Turnbull1908,K8Y,AP,Australia Party,1969-08-01,1970-01-01,,Australia Party
Turnbull1908,K8Y,IND,Independent,,1969-08-01,,Independent
Turnbull1908,K8Y,IND,Independent,1970-01-01,,,Independent
Uppill1876,K9I,UAP,United Australia Party,,,,United Australia Party
Urquhart1957,231199,ALP,Australian Labor Party,,,,Labor
Vallentine1946,IG4,GWA,The Greens (WA) Inc,1990-07-01,,,The Greens (WA) Inc
Vallentine1946,IG4,IND,Independent,1985-05-01,1990-07-01,,Independent
Vallentine1946,IG4,NDP,Nuclear Disarmament Party,,1985-05-01,,Nuclear Disarmament Party
Van,283601,LIB,Liberal Party of Australia,,,,Liberals
Vanstone1952,7E4,LIB,Liberal Party of Australia,,,,Liberals
Vardon1843,K9T,ANTI-SOC,Anti-Socialist Party,,1907-05-31,,Anti-Socialist Party
Vardon1843,K9T,LIB,Liberal Party of Australia,1908-02-15,,,Liberal Party of Australia
Vardon1866,K9P,NAT,Nationalist Party,,,,Nationalist Party
Verran1856,K9Y,NAT,Nationalist Party,,,,Nationalist Party
Vigor1939,KA8,AD,Australian Democrats,,1987-06-01,,Australian Democrats
Vigor1939,KA8,UNITE AP,Unite Australia Party (John Siddons Group),1987-06-01,,,Unite Australia Party (John Siddons Group)
Vincent1906,KAC,LIB,Liberal Party of Australia,,,,Liberals
Wade1905,KAF,CP,Australian Country Party,,,,Nationals
Walker1841,KAH,FT,Free Trade,,,,Free Trade
Walsh1935,TJ4,ALP,Australian Labor Party,,,,Labor
Walsh1971,252157,ALP,Australian Labor Party,,,,Labor
Walters1925,UJ4,LIB,Liberal Party of Australia,,,,Liberals
Wang1981,250045,PUP,Palmer United Party,,,,Palmer United Party
Ward1872,KAJ,ALP,Australian Labor Party,,,,Labor
Wardlaw1888,KAL,LIB,Liberal Party of Australia,,,,Liberals
Waters1977,192970,GRN,Australian Greens,,,,Australian Greens
Watson1870,070E,ALP,Australian Labor Party,,,,Labor
Watson1937,VJ4,LIB,Liberal Party of Australia,,,,Liberals
Watt1973,245759,ALP,Australian Labor Party,,,,Labor
Webber1965,00AOT,ALP,Australian Labor Party,,,,Labor
Webster1925,KAS,CP,Australian Country Party,,1975-05-03,1.0,Nationals
Webster1925,KAS,NCP,National Country Party,1975-05-03,,,Nationals
Webster1959,,NP,The Nationals,,,,The Nationals
Wedgwood1896,KAW,LIB,Liberal Party of Australia,,,,Liberals
Wells1985,,ALP,Australian Labor Party,,,,Labor
West1947,1X4,ALP,Australian Labor Party,,,,Labor
Wheeldon1929,CJO,ALP,Australian Labor Party,,,,Labor
Wheelwright1953,RC6,ALP,Australian Labor Party,,,,Labor
WhishWilson1968,195565,GRN,Australian Greens,,,,Australian Greens
Whiteside1902,KAZ,ALP,Australian Labor Party,,,,Labor
Wilkinson1903,KB9,ALP,Australian Labor Party,,,,Labor
Willesee1916,KBC,ALP,Australian Labor Party,,,,Labor
Williams1955,I0V,NP,The Nationals,,,,The Nationals
Wilson1877,KBJ,NAT,Nationalist Party,,,,Nationalist Party
Wilson1900,KBH,LCL,Liberal Country League,1951-01-01,1955-01-01,,Liberal Country League
Wilson1900,KBH,LIB,Liberal Party of Australia,,1951-01-01,,Liberals
Wilson1900,KBH,LIB,Liberal Party of Australia,1955-01-01,,,Liberal Party of Australia
Wilson1900,KBH,UAP,United Australia Party,,,,United Australia Party
Withers1924,DV4,LIB,Liberal Party of Australia,,,,Liberals
Wong1968,00AOU,ALP,Australian Labor Party,,,,Labor
Wood1901,KBL,LIB,Liberal Party of Australia,,,,Liberals
Wood1949,KBS,NDP,Nuclear Disarmament Party,,,,Nuclear Disarmament Party
Woodley1938,HX5,AD,Australian Democrats,,,,Australian Democrats
WoodsRobert1947,1K4,LIB,Liberal Party of Australia,,,,Liberals
Wordsworth1894,KBU,LIB,Liberal Party of Australia,,,,Liberals
Wortley1959,E6C,ALP,Australian Labor Party,,,,Labor
Wriedt1927,ISW,ALP,Australian Labor Party,,,,Labor
Wright1905,KBW,IND,Independent,1978-06-01,,,Independent
Wright1905,KBW,LIB,Liberal Party of Australia,,1978-06-01,,Liberals
Wright1961,200287,GRN,Australian Greens,,,,Australian Greens
Xenophon1959,8IV,IND,Independent,,2013-07-01,,Independent
Xenophon1959,8IV,NXT,Nick Xenophon Team,2013-07-01,,,Nick Xenophon Team
Young1923,KBY,LIB,Liberal Party of Australia,,,,Liberals
Zakharov1929,FE4,ALP,Australian Labor Party,,,,Labor
Zeal1830,KC7,PROT,Protectionist Party,,,,Protectionist Party
Harris1943,8HC,PHON,Pauline Hansons One Nation,1998-07-01,1999-08-08,,Pauline Hansons One Nation
Harris1943,8HC,IND,Independent,1999-08-09,,,Independent
