unique_id,name_id,state_abbrev,senator_from,senator_to,senator_end_reason,sec15_sel
Abbott1859,JYU,VIC,1928-12-18,1929-06-30,Retired,1.0
Abbott1869,JLM,NSW,1925-11-14,1929-06-30,Defeated,0.0
Abbott1877,JNT,NSW,1935-07-01,1941-06-30,Defeated,0.0
Abetz1958,N26,TAS,1994-02-22,,,1.0
Adams1943,E4Q,WA,2005-07-01,2012-03-31,Died,0.0
Adamson1857,JZ2,QLD,1920-07-01,1922-05-02,Died,0.0
Allison1946,1M6,VIC,1996-07-01,2008-06-30,Defeated,0.0
Alston1941,LD4,VIC,1986-05-07,2004-02-10,Resigned,1.0
Amour1900,JZH,NSW,1938-07-01,1965-06-30,Retired,0.0
Anderson1909,JZQ,NSW,1953-07-01,1975-11-11,Retired,0.0
Andrew1866,JZW,VIC,1925-11-14,1928-11-18,Died,0.0
Anning1949,273829,QLD,2017-11-10,2019-06-30,,0.0
Antic1974,269375,SA,2019-07-01,,,0.0
Arbib1971,HES,NSW,2008-07-01,2012-03-05,Resigned,0.0
Archer1929,IE4,TAS,1975-12-13,1994-01-31,Resigned,0.0
Arkins1888,K08,NSW,1935-09-26,1937-10-22,Term Expired; Defeated,1.0
Armstrong1908,K0C,NSW,1938-07-01,1962-06-30,Retired,0.0
Arnold1902,K0N,NSW,1941-07-01,1965-06-30,Retired,0.0
Arthur1883,K0P,NSW,1938-07-01,1944-06-30,Defeated,0.0
Ashley1881,K0W,NSW,1937-10-23,1958-06-27,Died,0.0
Askew1963,281558,TAS,2019-03-06,,,0.0
Aulich1945,JE4,TAS,1984-12-01,1993-06-30,Defeated,0.0
Aylett1900,K0Z,TAS,1938-07-01,1965-06-30,Retired,0.0
Ayres,16913,NSW,2019-07-01,,,0.0
Back1950,J7Q,WA,2009-03-11,2017-07-31,Resigned,1.0
Badman1885,JNM,SA,1932-07-01,1937-09-30,Resigned,0.0
Baker1841,L2E,SA,1901-03-30,1906-12-31,Retired,0.0
Bakhap1866,K18,TAS,1913-07-01,1923-08-18,Diedb,0.0
Barker1846,K1I,VIC,1910-07-01,1920-06-30,Defeated,0.0
Barker1846,K1I,VIC,1923-07-01,1924-06-21,Died,0.0
Barnes1868,K1L,VIC,1913-07-01,1920-06-30,Defeated,0.0
Barnes1868,K1L,VIC,1923-07-01,1935-06-30,Defeated,0.0
Barnett1962,00AUF,TAS,2002-02-26,2011-06-30,Defeated,1.0
Barrett1858,K1O,VIC,1901-03-29,1903-12-31,Defeated,0.0
Bartlett1964,DT6,QLD,1997-10-30,2008-06-30,Defeated,1.0
Barwell1877,K1P,SA,1925-12-18,1928-03-22,Resigned,1.0
Baume1930,LE4,NSW,1985-07-01,1996-09-09,Resigned,0.0
Baume1935,ME4,NSW,1974-05-18,1991-01-28,Resigned,0.0
Beahan1937,NE4,WA,1987-07-11,1996-06-30,Defeated,0.0
Beerworth1886,K1Q,SA,1946-09-28,1951-03-19,Retired,0.0
Bell1950,7U4,TAS,1990-03-07,1996-06-30,Defeated,1.0
Benn1897,K1T,QLD,1950-07-01,1968-06-30,Retired,0.0
Benny1869,K1W,SA,1920-07-01,1926-01-26,Resigned,0.0
Bernardi1969,G0D,SA,2006-05-04,2020-01-20,Resigned,1.0
Bernardi1969,G0D,SA,2017-02-07,2019-06-25,Resigned,1.0
Bessell1923,K1X,TAS,1974-05-18,1975-11-11,Defeated,0.0
Best1856,JPC,VIC,1901-03-29,1910-06-30,Defeated,0.0
Bilyk1959,HZB,TAS,2008-07-01,,,0.0
Birmingham1974,H6X,SA,2007-05-03,,,1.0
Bishop1913,K1Y,SA,1962-07-01,1981-06-30,Retired,0.0
Bishop1942,SE4,NSW,1987-07-11,1994-02-24,Resigned,0.0
Bishop1954,2L6,WA,1996-07-01,2014-06-30,Retired,0.0
BjelkePetersen1920,ND4,QLD,1981-03-12,1993-06-30,Retired,1.0
Black1952,TE4,QLD,1984-12-01,1990-06-30,Defeated,0.0
Blakey1879,K22,VIC,1910-07-01,1917-06-30,Defeated,0.0
Bolkus1950,XE4,SA,1981-07-01,2005-06-30,Retired,0.0
Bolton1860,K2C,VIC,1917-07-01,1923-06-30,Defeated,0.0
Bonner1922,0V4,QLD,1971-06-11,1983-02-04,Defeated,1.0
Boswell1940,YE4,QLD,1983-03-05,2014-06-30,Retired,0.0
Bourne1954,TW4,NSW,1990-07-01,2002-06-30,Defeated,0.0
Boyce1951,H6V,QLD,2007-04-19,2014-06-30,Retired,1.0
Bragg1984,256063,NSW,2019-07-01,,,0.0
Brand1873,K2F,VIC,1935-07-01,1947-06-30,Defeated,0.0
Brandis1957,008W7,QLD,2000-05-16,2018-02-08,Resigned,1.0
Branson1918,K2I,WA,1958-11-22,1971-06-30,Retired,0.0
Breen1902,K2W,VIC,1962-07-01,1968-06-30,Retired,0.0
Brennan1866,K2Z,VIC,1931-05-12,1938-06-30,Defeated,1.0
Brockman1970,30484,WA,2017-08-16,,,0.0
Brown1885,K6P,QLD,1932-07-01,1965-06-30,Retired,0.0
Brown1920,K3A,VIC,1969-11-19,1970-11-20,Term Expired,1.0
Brown1920,K3A,VIC,1971-07-01,1978-06-30,Defeated,0.0
Brown1944,QD4,TAS,1996-07-01,2012-06-15,Resigned,0.0
Brown1963,F49,TAS,2005-08-25,,,1.0
Brownhill1935,RD4,NSW,1984-12-01,2000-04-14,Resigned,0.0
Buckland1947,009D2,SA,2000-09-14,2005-06-30,Retired,1.0
Bull1905,K3J,NSW,1965-07-01,1971-06-30,Defeated,0.0
Bullock1955,243237,WA,2014-07-01,2016-04-13,Resigned,0.0
Bunton1902,K3N,NSW,1975-02-27,1975-11-11,Retired,1.0
Burns1929,2F4,QLD,1987-07-11,1996-06-30,Retired,0.0
Burston1948,207807,NSW,2016-07-02,2019-06-30,,0.0
Bushby1965,HLL,TAS,2007-08-30,2019-01-21,,1.0
Buttfield1912,K3O,SA,1955-10-11,1965-06-30,Defeated,1.0
Buttfield1912,K3O,SA,1968-07-01,1974-04-11,Retired,0.0
Button1932,4F4,VIC,1974-05-18,1993-03-31,Resigned,0.0
Buzacott1867,K3Q,WA,1910-07-01,1923-06-30,Defeated,0.0
Byrne1910,K3R,QLD,1951-04-28,1959-06-30,Defeated,0.0
Byrne1910,K3R,QLD,1968-07-01,1974-05-18,Defeated,0.0
Calvert1940,5F4,TAS,1987-07-11,2007-08-29,Resigned,0.0
Cameron1857,K3S,TAS,1901-03-29,1903-12-31,Defeated,0.0
Cameron1857,K3S,TAS,1907-01-01,1913-06-30,Defeated,0.0
Cameron1878,L8E,VIC,1938-07-01,1962-06-30,Retired,0.0
Cameron1914,K3T,SA,1969-10-25,1978-06-30,Retired,0.0
Cameron1935,K3V,SA,1969-05-23,1969-10-25,Defeated,1.0
CameronDouglas1951,AI6,NSW,2008-07-01,2019-06-30,Retired,0.0
Campbell1943,NB5,NSW,1997-09-17,2008-06-30,Retired,1.0
Campbell1959,H15,WA,1990-05-16,2007-05-31,Resigned,1.0
Canavan1980,245212,QLD,2014-07-01,,,0.0
Cant1907,K3W,WA,1959-07-01,1974-04-11,Retired,0.0
Carr1947,WX4,NSW,2012-03-06,2013-10-24,Resigned,0.0
Carr1955,AW5,VIC,1993-04-28,,,1.0
Carrick1918,2U4,NSW,1971-07-01,1987-06-05,Retired,0.0
Carroll1872,K3X,WA,1926-07-01,1936-05-30,Died,0.0
Cash1970,I0M,WA,2008-07-01,,,0.0
Cavanagh1913,K6F,SA,1962-07-01,1981-06-30,Retired,0.0
Chamarette1948,SN5,WA,1992-03-12,1996-06-30,Defeated,1.0
Chamberlain1884,K6H,TAS,1951-04-28,1953-01-16,Died,0.0
Chandler1990,264449,TAS,2019-07-01,,,0.0
Chaney1941,EF4,WA,1974-05-18,1990-02-27,Resigned,0.0
Chapman1879,K6I,SA,1926-07-01,1931-03-14,Died,0.0
Chapman1949,FF4,SA,1987-07-11,2008-06-30,Defeated,0.0
Charleston1848,K6J,SA,1901-03-30,1903-12-31,Defeated,0.0
Chataway1864,K6L,QLD,1907-01-01,1913-06-30,Defeated,0.0
Cherry1965,00A9C,QLD,2001-07-31,2005-06-30,Defeated,1.0
Childs1934,IF4,NSW,1981-07-01,1997-09-10,Resigned,0.0
Chipp1925,3V4,VIC,1978-07-01,1986-08-18,Resigned,0.0
Chisholm1978,39801,QLD,2016-07-02,,,0.0
Ciccone1983,281503,VIC,2019-03-06,,,0.0
Clemons1862,K6M,TAS,1901-03-29,1914-09-05,Defeated,0.0
Clothier1877,K6N,WA,1938-07-01,1950-06-30,Defeated,0.0
Coates1944,LF4,TAS,1981-07-01,1996-08-20,Resigned,0.0
Cohen1918,K6R,VIC,1962-07-01,1969-10-07,Died,0.0
Colbeck1958,00AOL,TAS,2002-02-04,2016-07-02,Defeated,1.0
Colbeck1958,00AOL,TAS,2018-02-09,,,0.0
Cole1908,K6W,TAS,1949-12-10,1965-06-30,Defeated,0.0
Colebatch1872,K7F,WA,1929-07-01,1933-03-20,Resigned,0.0
Coleman1931,5V4,WA,1974-05-18,1987-06-05,Retired,0.0
Collard1936,K7H,QLD,1975-12-13,1987-06-05,Retired,0.0
Collett1877,K7M,WA,1933-04-06,1947-06-30,Defeated,1.0
Collings1865,K7P,QLD,1932-07-01,1950-06-30,Retired,0.0
Collins1946,OF4,NT,1987-07-11,1998-03-30,Resigned,0.0
Collins1962,GB6,VIC,1995-05-03,2005-06-30,Defeated,1.0
Collins1962,GB6,VIC,2008-05-08,2019-02-15,Resigned,1.0
Colston1938,PF4,QLD,1975-12-13,1999-06-30,Retired,0.0
Conroy1963,3L6,VIC,1996-04-30,2016-09-30,Resigned,1.0
Cook1943,RF4,WA,1983-03-05,2005-06-30,Retired,0.0
Cooke1904,JQN,WA,1947-07-01,1951-03-19,Defeated,0.0
Cooke1904,JQN,WA,1952-02-07,1965-06-30,Defeated,1.0
Coonan1947,2M6,NSW,1996-07-01,2011-08-22,Resigned,0.0
Cooney1934,SF4,VIC,1984-12-01,2002-06-30,Retired,0.0
Cooper1888,JQP,QLD,1928-11-17,1932-06-30,Defeated,0.0
Cooper1888,JQP,QLD,1935-07-01,1968-06-30,Retired,0.0
Cormack1906,JQQ,VIC,1951-04-28,1953-06-30,Defeated,0.0
Cormack1906,JQQ,VIC,1962-07-01,1978-06-30,Retired,0.0
Cormann1970,HDA,WA,2007-06-19,,Resigned,1.0
Cotton1915,JQR,NSW,1965-08-04,1978-07-13,Resigned,1.0
Coulter1930,TF4,SA,1987-07-11,1995-11-20,Resigned,0.0
Courtenay1879,JQW,NSW,1935-07-01,1935-07-11,Died,0.0
Courtice1885,JQY,QLD,1937-09-02,1962-06-30,Retired,1.0
Cox1863,JRT,NSW,1920-07-01,1938-06-30,Retired,0.0
Cox1977,,WA,2021-10-19,,,1.0
Crane1941,UW4,WA,1990-07-01,2002-06-30,Defeated,0.0
Crawford1865,JRW,QLD,1917-07-01,1947-06-30,Retired,0.0
CrichtonBrowne1944,XF4,WA,1981-07-01,1996-06-30,Retired,0.0
Critchley1892,JSB,SA,1947-07-01,1959-06-30,Retired,0.0
Croft1871,JTH,WA,1904-01-01,1910-06-30,Retired,0.0
Crossin1956,7Y6,NT,1998-06-16,2013-09-06,Retired,1.0
Crowley1938,ZF4,SA,1983-03-05,2002-06-30,Retired,0.0
Culleton1964,266482,WA,2016-07-02,2017-01-11,Bankrupt,0.0
Cunningham1879,JTK,WA,1937-10-23,1943-07-04,Died,0.0
Daly1891,JTL,SA,1928-11-17,1935-06-30,Retired,0.0
Darcey1870,JTR,TAS,1938-07-01,1944-06-30,Defeated,0.0
Dastyari1983,225099,NSW,2013-08-21,2018-01-25,Resigned,1.0
Davey1972,281697,NSW,2019-07-01,,,0.0
Davidson1915,JTT,SA,1961-09-28,1961-12-08,Term Expired,1.0
Davidson1915,JTT,SA,1962-02-08,1962-06-30,Retired,1.0
Davidson1915,JTT,SA,1965-07-01,1981-06-30,Retired,0.0
Dawson1863,JTV,QLD,1901-03-30,1906-12-31,Defeated,0.0
Day1952,HYG,SA,2014-07-01,2016-11-01,Resigned,0.0
Dein1889,JUD,NSW,1935-07-01,1941-06-30,Defeated,0.0
deLargie1859,JU7,WA,1901-03-29,1923-06-30,Defeated,0.0
Denman1937,FY5,TAS,1993-08-24,2005-06-30,Retired,1.0
Devereux1946,1G4,TAS,1987-07-11,1996-02-07,Resigned,0.0
Devitt1921,JUH,TAS,1965-07-01,1978-06-30,Retired,0.0
Devlin1898,JUL,VIC,1946-09-28,1957-05-26,Died,0.0
Devlin1926,JUI,TAS,1984-12-01,1990-06-30,Retired,0.0
DiNatale1970,53369,VIC,2011-07-01,2020-08-26,Resigned,0.0
DiNatale1970,53369,VIC,2015-05-05,2020-02-03,Resigned,
Dittmer1904,JUM,QLD,1959-07-01,1971-06-30,Retired,0.0
Dobson1841,JVC,TAS,1901-03-29,1910-06-30,Defeated,0.0
Dodson1948,SR5,WA,2016-04-28,,,1.0
Dooley1884,JVF,NSW,1928-11-17,1935-06-30,Defeated,0.0
Downer1843,JVG,SA,1901-03-30,1903-12-31,Retired,0.0
Drake1850,JXO,QLD,1901-03-30,1906-12-31,Retired,0.0
DrakeBrockman1884,JXP,WA,1920-07-01,1926-06-30,Retired,0.0
DrakeBrockman1919,JXR,WA,1958-08-12,1958-11-21,Term Expired,1.0
DrakeBrockman1919,JXR,WA,1959-07-01,1978-06-30,Retired,0.0
Drury1912,JXX,SA,1959-07-01,1975-11-11,Defeated,0.0
Duncan1883,JXZ,NSW,1920-07-01,1931-12-01,Resigned,0.0
DuncanHughes1882,JY7,SA,1931-12-19,1938-06-30,Retired,0.0
Duniam1982,263418,TAS,2016-07-02,,,0.0
Dunn1887,JYB,NSW,1929-07-01,1935-06-30,Defeated,0.0
Dunn1948,3K4,NSW,1988-07-21,1990-06-30,Defeated,0.0
Durack1926,8G4,WA,1971-07-01,1993-06-30,Retired,0.0
Earle1865,JYF,TAS,1917-03-01,1923-06-30,Defeated,1.0
Edwards1962,225307,SA,2011-07-01,2016-07-02,,0.0
Eggleston1941,4L6,WA,1996-07-01,2014-06-30,Retired,0.0
Elliott1878,JYG,VIC,1920-07-01,1931-03-23,Died,0.0
Elliott1884,JYH,VIC,1929-07-01,1935-06-30,Defeated,0.0
Ellison1954,9X5,WA,1993-07-01,2009-01-30,Resigned,0.0
Elstob1924,JYI,SA,1978-07-01,1987-06-05,Retired,0.0
Evans1928,JYL,WA,1983-03-05,1985-06-30,Defeated,0.0
Evans1944,VD4,VIC,1978-07-01,1996-02-06,Resigned,0.0
Evans1958,AX5,WA,1993-07-01,2013-04-12,Resigned,0.0
Everett1917,JYN,TAS,1974-05-18,1975-11-11,Defeated,0.0
Ewing1870,JYQ,WA,1901-03-29,1903-04-17,Resigned,0.0
Fairbairn1855,JYR,VIC,1917-07-01,1923-06-30,Retired,0.0
Farrell1954,I0N,SA,2008-07-01,2014-06-30,Defeated,0.0
Farrell1954,I0N,SA,2016-07-02,,,0.0
Faruqi1963,250362,NSW,2018-08-15,,,0.0
Faulkner1954,5K4,NSW,1989-04-04,2015-02-05,Resigned,1.0
Fawcett1963,DYU,SA,2011-07-01,,,0.0
Feeney1970,I0O,VIC,2008-07-01,2013-08-12,Resigned,0.0
Ferguson1830,JYS,QLD,1901-03-30,1903-10-06,,0.0
Ferguson1943,EP5,SA,1992-05-26,2011-06-30,Retired,1.0
Ferricks1875,JYT,QLD,1913-07-01,1920-06-30,Defeated,0.0
Ferris1941,5L6,SA,1996-07-01,1996-07-12,Resigned,0.0
Ferris1941,5L6,SA,1996-07-24,2007-04-02,Died,1.0
Field1910,JYW,QLD,1975-09-03,1975-11-11,Defeated,1.0
Fielding1960,E4R,VIC,2005-07-01,2011-06-30,Defeated,0.0
FierravantiWells1960,E4T,NSW,2005-05-05,,,1.0
Fifield1967,D2I,VIC,2004-03-31,2019-08-16,,1.0
Findley1864,JYX,VIC,1904-01-01,1917-06-30,Defeated,0.0
Findley1864,JYX,VIC,1923-07-01,1929-06-30,Defeated,0.0
Finlay1887,JZ8,SA,1944-07-01,1953-06-30,Retired,0.0
Fisher1962,HBE,SA,2007-06-06,2012-08-14,Resigned,1.0
Fitzgerald1910,JZB,NSW,1962-07-01,1974-04-11,Retired,0.0
Foll1890,JZD,QLD,1917-07-01,1947-06-30,Retired,0.0
Foreman1933,GG4,SA,1981-07-01,1997-09-15,Resigned,0.0
Forshaw1952,656,NSW,1994-05-10,2011-06-30,Retired,1.0
Foster1884,KKH,TAS,1920-07-01,1925-06-30,Resigned,0.0
Fraser1832,KKL,VIC,1901-03-29,1913-06-30,Retired,0.0
Fraser1889,KKR,WA,1938-07-01,1959-06-30,Retired,0.0
Fraser1892,KKJ,VIC,1946-05-15,1946-09-27,Term Expired And Defeated,1.0
Furner1958,I0P,QLD,2008-07-01,2014-06-30,Defeated,0.0
Gair1901,KKP,QLD,1965-07-01,1974-04-11,Retired,0.0
Gallacher1954,204953,SA,2011-07-01,2021-08-29,Death,0.0
Gallagher1970,ING,ACT,2015-03-25,2018-05-09,Resigned,1.0
Gallagher1970,ING,ACT,2019-05-18,,,0.0
Gardiner1867,KKZ,NSW,1910-07-01,1926-06-30,Defeated,0.0
Gardiner1867,KKZ,NSW,1928-06-05,1928-11-16,Term Expired And Retired,1.0
Garling1870,KL7,NSW,1921-12-15,1922-12-15,Defeated,1.0
Georges1920,7V4,QLD,1968-07-01,1987-06-05,Defeated,0.0
Georgiou1974,269583,WA,2017-03-10,2019-06-30,,0.0
Gibbs1879,KLP,NSW,1925-04-01,1925-11-13,Retired,1.0
Gibbs1947,6L6,QLD,1996-07-01,2002-06-30,Defeated,0.0
Gibson1869,KAY,VIC,1935-07-01,1947-06-30,Retired,0.0
Gibson1936,BX5,TAS,1993-07-01,2002-02-22,Resigned,0.0
Gichuhi1962,270552,SA,2017-04-19,2019-06-30,Defeated,0.0
Gietzelt1920,RG4,NSW,1971-07-01,1989-02-27,Resigned,0.0
Giles1928,XG4,WA,1981-07-01,1993-06-30,Retired,0.0
Givens1864,KLS,QLD,1904-01-01,1928-06-19,Died,0.0
Glasgow1876,KLU,QLD,1920-07-01,1932-06-30,Defeated,0.0
Glassey1844,KLW,QLD,1901-03-30,1903-12-31,Defeated,0.0
Gorton1911,KH5,VIC,1949-12-10,1968-02-01,Resignedi,0.0
Gould1847,KLZ,NSW,1901-03-29,1917-06-30,Retired,0.0
Graham1867,KMI,WA,1923-07-01,1929-06-30,Defeated,0.0
Grant1857,KMP,NSW,1914-09-05,1920-06-30,Defeated,0.0
Grant1857,KMP,NSW,1923-07-01,1928-05-19,Died,0.0
Grant1878,KMK,TAS,1925-07-29,1925-11-13,Defeated,1.0
Grant1878,KMK,TAS,1932-03-03,1941-06-30,Retired,1.0
Grant1888,KMN,NSW,1944-07-01,1959-06-30,Retired,0.0
Gray1840,KMT,NSW,1904-01-01,1910-06-30,Defeated,0.0
Green,283595,QLD,2019-07-01,,,0.0
Greenwood1926,KMX,VIC,1968-02-21,1976-10-13,Died,1.0
Greig1966,86X,WA,1999-07-01,2005-06-30,Defeated,0.0
Griff1957,76760,SA,2016-07-02,,,0.0
Grimes1937,9V4,TAS,1974-05-18,1987-04-02,Resigned,0.0
Grogan,,SA,2021-09-21,,,1.0
Guilfoyle1926,C7D,VIC,1971-07-01,1987-06-05,Retired,0.0
Guthrie1856,KNB,SA,1904-01-01,1921-01-20,Died,0.0
Guthrie1872,KN7,VIC,1920-07-01,1938-06-30,Defeated,0.0
Guy1860,KNN,TAS,1914-09-05,1920-06-30,Defeated,0.0
Guy1890,KFW,TAS,1949-12-10,1956-06-30,Defeated,0.0
Haines1945,1H4,SA,1977-12-14,1978-06-30,Term Expired,1.0
Haines1945,1H4,SA,1981-07-01,1990-03-01,Resigned,0.0
Hall1928,2H4,SA,1974-05-18,1977-11-16,Resigned,0.0
Hamer1923,4H4,VIC,1978-07-01,1990-06-30,Retired,0.0
Hannaford1903,KNR,SA,1949-12-10,1967-10-24,Died,0.0
Hannan1873,KGG,VIC,1924-07-22,1925-11-13,Defeated,1.0
Hannan1910,KNU,VIC,1956-08-28,1965-06-30,Defeated,1.0
Hannan1910,KNU,VIC,1970-11-21,1974-05-18,Defeated,0.0
Hanson1954,BK6,QLD,2016-07-02,,,1.0
HansonYoung1981,I0U,SA,2008-07-01,,,0.0
Hardy1898,KNZ,NSW,1932-07-01,1938-06-30,Defeated,0.0
Harney1865,KO8,WA,1901-03-29,1903-12-31,Retired,0.0
Harradine1935,6H4,TAS,1975-12-13,2005-06-30,Retired,0.0
Harris1890,232369,WA,1947-07-01,1951-04-28,Defeated,0.0
Harris1890,232369,WA,1953-07-01,1959-06-30,Retired,0.0
Harris1943,8HC,QLD,1999-07-02,2005-06-30,Defeated,0.0
Hayes1868,KOF,TAS,1923-09-12,1947-06-30,Retired,1.0
Hays1869,KOJ,TAS,1923-07-01,1947-06-30,Defeated,0.0
Hearn1921,KOM,TAS,1980-10-15,1985-06-30,Retired,1.0
Heatley1920,KOO,QLD,1966-04-14,1968-06-30,Defeated,1.0
Heffernan1943,C16,NSW,1996-09-18,2016-05-09,Retired,1.0
Henderson1857,KOS,WA,1904-01-01,1923-06-30,Defeated,0.0
Henderson1964,ZN4,VIC,2019-09-11,,,1.0
Hendrickson1897,KOU,VIC,1947-07-01,1971-06-30,Retired,0.0
Henty1903,KOW,TAS,1950-07-01,1968-06-30,Retired,0.0
Herron1932,VW4,QLD,1990-07-01,2002-09-05,Resigned,0.0
Higgs1862,KHE,QLD,1901-03-30,1906-12-31,Defeated,0.0
Hill1946,BH4,SA,1981-07-01,2006-03-15,Resigned,0.0
Hill1960,,QLD,,,,0.0
Hinch1944,2O4,VIC,2016-07-02,2019-06-30,,0.0
Hoare1874,KOZ,SA,1922-12-16,1935-06-30,Defeated,0.0
Hogg1949,7L6,QLD,1996-07-01,2014-06-30,Retired,0.0
Hughes,273828,NSW,2019-07-01,,,0.0
Hume1971,266499,VIC,2016-07-02,,,0.0
Humphries1958,KO6,ACT,2003-02-18,2013-09-06,Retired,1.0
Hurley1955,E4U,SA,2005-07-01,2011-06-30,Retired,0.0
Hutchins1956,84P,NSW,1998-10-14,2011-06-30,Defeated,1.0
Jenkins1938,IH4,WA,1987-07-11,1990-06-30,Defeated,0.0
Jessop1927,KKD,SA,1971-07-01,1987-06-05,Defeated,0.0
Johnston1880,KP8,WA,1929-07-01,1942-09-06,Died,0.0
Johnston1956,00AON,WA,2002-07-01,2016-07-02,Defeated,0.0
JonesGerry1932,LH4,QLD,1981-07-01,1996-06-30,Retired,0.0
Joyce1967,E5D,QLD,2005-07-01,2013-08-08,Resigned,0.0
KakoschkeMoore1985,265982,SA,2016-07-02,2017-11-22,Resigned,0.0
Kane1908,KPA,NSW,1970-11-21,1974-05-18,Defeated,0.0
Katz1887,KPC,VIC,1947-07-01,1951-03-19,Defeated,0.0
Keane1881,KE4,VIC,1938-07-01,1946-04-26,Died,0.0
Keating1872,KPE,TAS,1901-03-29,1923-06-30,Defeated,0.0
Keeffe1919,KPG,QLD,1965-07-01,1983-02-04,Retired,0.0
Kemp1944,WW4,VIC,1990-07-01,2008-06-30,Retired,0.0
Kendall1899,KPI,QLD,1949-12-10,1965-06-30,Retired,0.0
Keneally1968,LNW,NSW,2018-02-14,,,0.0
Kennelly1900,KPK,VIC,1953-07-01,1971-06-30,Retired,0.0
Kernot1948,XW4,QLD,1990-07-01,1997-10-15,Resigned,0.0
Ketter1961,244247,QLD,2014-07-01,2019-06-30,,0.0
Kilgariff1923,KPO,NT,1975-12-13,1987-06-05,Retired,0.0
Kingsmill1864,KPQ,WA,1923-07-01,1935-01-15,Died,0.0
Kirk1967,00AOO,SA,2002-07-01,2008-06-30,Retired,0.0
Kitching1970,247512,VIC,2016-10-25,,,1.0
Kneebone1876,KPT,SA,1931-04-01,1931-12-18,Defeated,1.0
Knight1943,KPV,ACT,1975-12-13,1981-03-04,Died,0.0
Knowles1951,TH4,WA,1984-12-01,2005-06-30,Retired,0.0
Kroger1959,G1N,VIC,2008-07-01,2014-06-30,Defeated,0.0
Lacey1900,KPZ,TAS,1965-07-01,1971-06-30,Defeated,0.0
Lajovic1921,KQD,NSW,1975-12-13,1985-06-30,Retired,0.0
Lambie1971,250026,TAS,2014-07-01,2017-11-14,Resigned,0.0
Lambie1971,250026,TAS,2019-07-01,,,
Lamp1895,KQF,TAS,1938-07-01,1950-06-30,Defeated,0.0
Large1878,KQH,NSW,1941-07-01,1951-03-19,Defeated,0.0
Latham1882,KQL,WA,1942-10-08,1943-08-20,Defeated,1.0
Laucke1914,KQN,SA,1967-11-02,1981-06-30,Retired,1.0
Laught1907,KQQ,SA,1951-04-28,1969-05-13,Died,0.0
Lawrie1907,KQV,QLD,1965-07-01,1975-11-11,Retired,0.0
Lawson1875,KQZ,VIC,1929-07-01,1935-06-30,Retired,0.0
Lazarus1965,108616,QLD,2014-07-01,2016-07-02,Defeated,0.0
Leckie1872,KR9,VIC,1935-07-01,1947-06-30,Defeated,0.0
Lees1948,8U4,SA,1990-04-04,2005-06-30,Defeated,1.0
Lewis1932,NG4,VIC,1976-12-17,1993-06-30,Retired,1.0
Leyonhjelm1952,111206,NSW,2014-07-01,2019-03-01,,0.0
Lightfoot1936,WP6,WA,1997-05-19,2008-06-30,Retired,1.0
Lillico1905,KRG,TAS,1959-07-01,1974-04-11,Retired,0.0
Lindgren1969,258337,QLD,2015-05-21,2016-07-02,Defeated,1.0
Lines1953,112096,WA,2013-05-15,,,1.0
Little1914,KRU,VIC,1968-07-01,1974-05-18,Defeated,0.0
Long1870,KRX,TAS,1910-07-01,1918-12-20,Resigned,0.0
Loosley1952,BS4,NSW,1990-07-01,1995-05-19,Resigned,0.0
Ludlam1970,I07,WA,2008-07-01,2017-07-14,Resigned,0.0
Ludwig1959,84N,QLD,1999-07-01,2016-05-09,Retired,0.0
Lundy1967,7G6,ACT,1996-03-02,2015-03-24,Resigned,0.0
Lynch1867,KRZ,WA,1907-01-01,1938-06-30,Defeated,0.0
MacDonald1880,KS9,QLD,1922-05-26,1922-12-15,Defeated,1.0
MacDonald1880,KS9,QLD,1928-08-01,1928-11-16,Defeated,1.0
MacDonald1880,KS9,QLD,1932-07-01,1937-08-17,Died,0.0
MacDonald1892,KS7,WA,1935-03-05,1947-06-30,Defeated,1.0
Macdonald1945,YW4,QLD,1990-07-01,2019-06-30,Resigned,0.0
Macdonald1954,CX5,NSW,1993-07-01,1999-06-30,Defeated,0.0
Macdonald1954,CX5,NSW,2000-05-04,2008-06-30,Retired,1.0
Macfarlane1844,KSH,TAS,1901-03-29,1910-06-30,Defeated,0.0
MacGibbon1934,YH4,QLD,1978-07-01,1999-06-30,Defeated,0.0
Mackay1960,9L6,TAS,1996-03-08,2005-07-29,Resigned,1.0
Mackellar1844,KSJ,NSW,1903-10-08,1903-11-30,Resigned,1.0
Macklin1943,2I4,QLD,1981-07-01,1990-06-30,Retired,0.0
Madigan1966,217571,VIC,2011-07-01,2016-07-02,Defeated,0.0
Maguire1945,7I4,SA,1983-03-05,1993-06-30,Defeated,0.0
Maher1891,KSL,QLD,1949-12-10,1965-06-30,Retired,0.0
Margetts1955,DX5,WA,1993-07-01,1999-06-30,Defeated,0.0
Marriott1913,KSN,TAS,1953-03-03,1953-05-08,Term Expired,1.0
Marriott1913,KSN,TAS,1953-07-01,1975-11-11,Retired,0.0
Marshall1960,00AOP,VIC,2002-07-01,2019-06-30,Resigned,0.0
Martin1960,275266,TAS,2018-02-09,2019-03-20,,0.0
Martyr1932,KNA,WA,1981-03-11,1983-02-04,Defeated,1.0
Marwick1895,KNC,WA,1936-08-19,1937-10-22,Defeated,1.0
Mason1926,L8O,NSW,1978-07-01,1987-06-05,Retired,0.0
Mason1962,84M,QLD,1999-07-01,2015-04-15,Resigned,0.0
MassyGreene1874,KNF,NSW,1923-10-17,1925-11-13,Term Expired,1.0
MassyGreene1874,KNF,NSW,1926-07-01,1938-06-30,Retired,0.0
Matheson1861,KSQ,WA,1901-03-29,1906-12-31,Retired,0.0
Mattner1893,KSS,SA,1944-10-10,1946-09-27,Defeated,1.0
Mattner1893,KSS,SA,1949-12-10,1968-06-30,Retired,0.0
Maughan1863,KSU,QLD,1913-07-01,1920-06-30,Defeated,0.0
Maunsell1922,KSW,QLD,1968-07-01,1981-06-30,Defeated,0.0
McAllister1973,121628,NSW,2015-05-06,,,1.0
McAuliffe1918,KSY,QLD,1971-07-01,1981-06-30,Retired,0.0
McBride1892,KOL,SA,1937-10-21,1944-06-30,Defeated,1.0
McCallum1892,KT8,NSW,1949-12-10,1962-06-30,Retired,0.0
McCarthy1970,122087,NT,2016-07-02,,,0.0
McClelland1915,5U4,NSW,1971-03-16,1978-07-21,Resigned,1.0
McClelland1926,KTA,NSW,1962-07-01,1987-01-23,Resigned,0.0
McColl1844,KQ4,VIC,1907-01-01,1914-09-05,Defeated,0.0
McDonald,123072,QLD,2019-07-01,,,0.0
McDougall1857,KTD,NSW,1910-07-01,1920-06-30,Defeated,0.0
McDougall1857,KTD,NSW,1922-12-16,1924-10-14,Died,0.0
McEwen1954,E5E,SA,2005-07-01,2016-07-02,Defeated,0.0
McGauran1957,WH4,VIC,1987-07-11,1990-06-30,Defeated,0.0
McGauran1957,WH4,VIC,1993-07-01,2011-06-30,Defeated,0.0
McGrath1974,217241,QLD,2014-07-01,,,0.0
McGregor1848,KTF,SA,1901-03-30,1914-08-13,Died,0.0
McHugh1887,KTH,SA,1923-07-01,1927-07-24,Died,0.0
McIntosh1925,KTJ,WA,1974-05-18,1987-06-05,Retired,0.0
McKellar1903,KTL,NSW,1958-11-22,1970-04-13,Died,0.0
McKenna1895,KTN,TAS,1944-07-01,1968-06-30,Retired,0.0
McKenzie1969,207825,VIC,2011-07-01,,,0.0
McKiernan1944,1I4,WA,1984-12-01,2002-06-30,Retired,0.0
McKim1965,JKM,TAS,2015-08-19,,,1.0
McKissock1872,KTP,VIC,1914-09-05,1917-06-30,Defeated,0.0
McLachlan1870,KTX,SA,1935-07-01,1947-06-30,Retired,0.0
McLachlan1872,KTR,SA,1926-02-24,1944-06-30,Retired,1.0
McLachlan1966,,SA,2020-02-06,,,
McLaren1921,KTZ,SA,1971-07-01,1983-02-04,Retired,0.0
McLean1937,3I4,NSW,1987-07-11,1991-08-23,Resigned,0.0
McLeay1892,KUA,SA,1935-07-01,1947-06-30,Defeated,0.0
McLeay1892,KUA,SA,1949-12-10,1955-09-14,Died,0.0
McLucas1958,84L,QLD,1999-07-01,2016-05-09,Retired,0.0
McMahon1967,282728,NT,2019-05-18,,,0.0
McManus1905,KUD,VIC,1956-07-01,1962-06-30,Defeated,0.0
McManus1905,KUD,VIC,1965-07-01,1974-05-18,Defeated,0.0
McMullan1947,5I4,ACT,1988-02-16,1996-02-06,Resigned,1.0
McMullin1900,KUH,NSW,1951-04-28,1971-06-30,Retired,0.0
Melzer1926,KUJ,VIC,1974-05-18,1981-06-30,Defeated,0.0
Messner1939,9I4,SA,1975-12-13,1990-04-17,Resigned,0.0
Millen1860,KUL,NSW,1901-03-29,1923-09-14,Died,0.0
Millen1877,KUP,TAS,1920-07-01,1938-06-30,Defeated,0.0
Milliner1911,KUS,QLD,1968-07-01,1975-06-30,Died,0.0
Milne1953,KA5,TAS,2005-07-01,2015-08-10,,0.0
Minchin1953,JX4,SA,1993-07-01,2011-06-30,Retired,0.0
Missen1925,KUU,VIC,1974-05-18,1986-03-30,Died,0.0
Molan1950,FAB,NSW,2017-12-22,2019-06-30,Defeated,0.0
Molan1950,FAB,NSW,2019-06-30,,,1.0
Mooney1880,KUY,NSW,1931-12-23,1932-06-30,Term Expired,1.0
Moore1956,00AOQ,QLD,2002-07-01,2019-06-30,Retired,0.0
Morris1903,KV9,QLD,1963-11-30,1968-06-30,Retired,0.0
Morris1936,GI4,NSW,1985-07-01,1990-06-30,Retired,0.0
Morrow1888,KVB,TAS,1947-07-01,1953-06-30,Defeated,0.0
Muir1980,250024,VIC,2014-07-01,2016-07-02,Defeated,0.0
Mulcahy1850,KVD,TAS,1904-01-01,1910-05-10,Defeated,0.0
Mulcahy1850,KVD,TAS,1919-01-15,1920-06-30,Retired,1.0
Mullan1871,KVH,QLD,1913-07-01,1917-06-30,Defeated,0.0
Mulvihill1919,KVK,NSW,1965-07-01,1983-02-04,Retired,0.0
Murphy1922,1L5,NSW,1962-07-01,1975-02-09,Resigned,0.0
Murphy1952,FX5,TAS,1993-07-01,2005-06-30,Defeated,0.0
Murray1906,JXC,TAS,1947-07-01,1951-03-19,Defeated,0.0
Murray1947,3M6,WA,1996-07-01,2008-06-30,Retired,0.0
Nash1890,JXE,WA,1943-08-21,1951-12-12,Died,0.0
Nash1965,E5G,NSW,2005-07-01,2017-10-27,Resigned,0.0
Neal1947,JXG,VIC,1980-03-11,1981-06-30,Defeated,1.0
Neal1963,B36,NSW,1994-03-08,1998-09-03,Resigned,1.0
Needham1872,JXJ,WA,1907-01-01,1920-06-30,Defeated,0.0
Needham1872,JXJ,WA,1923-07-01,1929-06-30,Defeated,0.0
Negus1912,JXM,WA,1971-07-01,1974-05-18,Defeated,0.0
Neild1846,JXT,NSW,1901-03-29,1910-06-30,Defeated,0.0
Nettle1973,00AOR,NSW,2002-07-01,2008-06-30,Defeated,0.0
Newlands1864,JXV,SA,1913-07-01,1932-05-20,Died,0.0
Newman1937,BE4,TAS,1986-03-13,2002-02-01,Resigned,1.0
Nicholls1894,JY6,SA,1944-07-01,1968-06-30,Retired,0.0
Oakes1861,JZM,NSW,1913-07-01,1914-09-05,Defeated,0.0
OBrien1951,8O6,TAS,1996-09-05,2011-06-30,Retired,1.0
OByrne1912,JYA,TAS,1947-07-01,1981-06-30,Retired,0.0
OChee1965,EU4,QLD,1990-05-08,1999-06-30,Defeated,1.0
OConnor1851,JYD,NSW,1901-03-29,1903-09-27,Resigned,0.0
OFlaherty1886,JYY,SA,1944-07-01,1962-06-30,Retired,0.0
Ogden1868,JZR,TAS,1923-07-01,1932-02-05,Died,0.0
OHalloran1893,JZ6,SA,1928-11-17,1935-06-30,Defeated,0.0
OKeefe1864,JZ9,TAS,1901-03-29,1906-12-31,Defeated,0.0
OKeefe1864,JZ9,TAS,1910-07-01,1920-06-30,Defeated,0.0
OLoghlin1852,JZC,SA,1907-07-11,1907-12-20,Voided,1.0
OLoghlin1852,JZC,SA,1913-07-01,1920-06-30,Defeated,0.0
OLoghlin1852,JZC,SA,1923-07-01,1925-12-04,Died,0.0
Olsen1945,DU4,SA,1990-05-07,1992-05-04,Resigned,1.0
ONeill1961,140651,NSW,2013-11-13,2014-06-30,Term Expired,1.0
ONeill1961,140651,NSW,2014-07-02,,,1.0
Ormonde1901,JZU,NSW,1958-07-30,1958-11-21,Term Expired,1.0
Ormonde1901,JZU,NSW,1959-07-01,1970-11-30,Died,0.0
OSullivan1900,JZI,QLD,1947-07-01,1962-06-30,Retired,0.0
OSullivan1957,247871,QLD,2014-02-11,2019-06-30,Defeated In Preselection,1.0
OSullivan1986,283585,WA,2019-07-01,,,0.0
Paltridge1910,JZY,WA,1951-04-28,1966-01-21,Died,0.0
Panizza1931,JI4,WA,1987-07-11,1997-01-31,Died,0.0
Parer1936,KI4,QLD,1984-11-22,2000-02-11,Resigned,1.0
Parry1960,E5V,TAS,2005-07-01,2017-11-02,,0.0
Paterson1987,144138,VIC,2016-03-09,,,1.0
Patrick1967,114292,SA,2017-11-14,,,0.0
Patterson1944,LI4,VIC,1987-07-11,2008-06-30,Retired,0.0
Payne1866,K09,TAS,1920-07-01,1938-06-30,Defeated,0.0
Payne1964,M56,NSW,1997-04-09,,,1.0
Pearce1870,K0F,WA,1901-03-29,1938-06-30,Defeated,0.0
Pearson1905,K0L,SA,1951-04-28,1961-09-11,Died,0.0
Peris1971,CDK,NT,2013-09-07,2016-05-09,Retired,0.0
Piesse1900,K0Q,WA,1949-12-10,1952-08-25,Died,0.0
Plain1868,K0S,VIC,1917-07-01,1923-06-30,Defeated,0.0
Plain1868,K0S,VIC,1925-08-25,1938-06-30,Defeated,1.0
Playford1837,K0X,SA,1901-03-30,1906-12-31,Defeated,0.0
Poke1906,K19,TAS,1956-07-01,1974-04-11,Retired,0.0
Polley1957,E5X,TAS,2005-07-01,,,0.0
Poulter1913,K1B,QLD,1962-07-01,1962-09-02,Died,0.0
Powell1942,OI4,VIC,1986-08-26,1993-06-30,Defeated,1.0
Power1883,K1D,NSW,1924-11-20,1925-01-13,Died,1.0
Poyser1915,K1F,VIC,1966-10-26,1975-11-11,Retired,1.0
Pratt1972,I0T,WA,2008-07-01,2014-06-30,Defeated,0.0
Pratt1972,I0T,WA,2016-07-02,,,0.0
Pratten1865,K1J,NSW,1917-07-01,1921-11-23,Resigned,0.0
Primmer1924,K1M,VIC,1971-07-01,1985-06-30,Retired,0.0
Prowse1905,K1R,WA,1962-07-01,1973-12-31,Resigned,0.0
Pulsford1844,K1U,NSW,1901-03-29,1910-06-30,Defeated,0.0
Puplick1948,TI4,NSW,1978-07-26,1981-06-30,Defeated,0.0
Puplick1948,TI4,NSW,1984-12-01,1990-06-30,Defeated,0.0
Quirke1950,ZS6,SA,1997-09-18,2000-08-15,Resigned,1.0
Rae1860,K1Z,NSW,1910-07-01,1914-09-05,Defeated,0.0
Rae1860,K1Z,NSW,1929-07-01,1935-06-30,Defeated,0.0
Rae1932,CAK,TAS,1968-07-01,1986-01-16,Resigned,0.0
Rankin1887,K2A,VIC,1949-12-10,1956-06-30,Retired,0.0
Rankin1908,K28,QLD,1947-07-01,1971-05-24,Resigned,0.0
Ray1947,UI4,VIC,1981-07-01,2008-05-05,Resigned,0.0
Ready1878,K2D,TAS,1910-07-01,1917-03-01,Resigned,0.0
Reid1842,K2Q,VIC,1903-01-21,1903-12-31,Retired,1.0
Reid1856,K2L,QLD,1917-07-01,1935-06-30,Retired,0.0
Reid1886,K2G,NSW,1949-12-10,1962-05-22,Died,0.0
Reid1933,K2J,WA,1974-01-16,1974-05-18,Defeated,1.0
ReidMargaret1935,VI4,ACT,1981-05-05,2003-02-14,Resigned,1.0
Rennick1970,283596,QLD,2019-07-01,,,0.0
Reynolds1941,XI4,QLD,1983-03-05,1999-06-30,Retired,0.0
Reynolds1965,250216,WA,2014-07-01,,,0.0
Rhiannon1951,CPR,NSW,2011-07-01,2018-08-15,,0.0
Rice1960,155410,VIC,2014-07-01,,,0.0
Richardson1949,4E4,NSW,1983-03-05,1994-03-25,Resigned,0.0
Ridgeway1962,8G6,NSW,1999-07-01,2005-06-30,Defeated,0.0
Ridley1909,K2N,SA,1959-07-01,1971-06-30,Retired,0.0
Roberts1955,266524,QLD,2016-07-02,2017-10-27,Ineligible,0.0
Roberts1955,266524,QLD,2019-07-02,,,
Robertson1882,K2S,WA,1949-12-10,1962-06-30,Retired,0.0
Robertson1929,K2U,NT,1975-12-13,1987-06-05,Retired,0.0
Robinson1877,K2X,SA,1928-04-18,1928-11-16,Defeated,1.0
Robinson1907,K37,WA,1952-09-30,1953-05-08,Defeated,1.0
Rocher1936,ZI4,WA,1978-07-01,1981-02-10,Resigned,0.0
Ronaldson1954,XT4,VIC,2005-07-01,2016-02-28,Resigned,0.0
Rowell1851,K3B,SA,1917-05-24,1923-06-30,Defeated,1.0
Russell1842,K3G,SA,1907-01-01,1912-06-28,Died,0.0
Russell1878,K3E,VIC,1907-01-01,1925-07-18,Died,0.0
Ruston1963,243273,SA,2012-09-05,,,1.0
Ryan1890,K3I,SA,1949-12-10,1959-06-30,Retired,0.0
Ryan1942,GD5,ACT,1975-12-13,1988-01-29,Resigned,0.0
Ryan1973,I0Q,VIC,2008-07-01,2021-10-13,Resigned,0.0
Sampson1882,K3L,TAS,1925-11-14,1938-06-30,Defeated,0.0
Sampson1882,K3L,TAS,1941-07-01,1947-06-30,Defeated,0.0
Sanders1932,1J4,TAS,1985-07-01,1990-03-01,Resigned,0.0
Sandford1895,K4S,VIC,1947-07-01,1956-06-30,Defeated,0.0
Sandford1895,K4S,VIC,1957-06-06,1966-10-22,Died,1.0
Santoro1956,BOT,QLD,2002-10-29,2007-04-11,Resigned,1.0
Sargood1834,K54,VIC,1901-03-29,1903-01-02,Died,0.0
Saunders1855,K5B,WA,1903-05-20,1903-12-31,Defeated,1.0
Sayers1845,K5F,QLD,1907-01-01,1913-06-30,Defeated,0.0
Scarr1969,282997,QLD,2019-07-01,,,0.0
Schacht1946,4J4,SA,1987-07-11,2002-06-30,Defeated,0.0
Scott1910,K5K,WA,1949-12-10,1971-06-30,Retired,0.0
Scott1920,K5H,NSW,1970-08-06,1970-11-20,Term Expired,1.0
Scott1920,K5H,NSW,1974-05-18,1985-06-30,Retired,0.0
Scullion1956,00AOM,NT,2001-11-10,2019-06-30,Retired,0.0
Senior1850,K5R,SA,1913-07-01,1923-06-30,Defeated,0.0
Seselja1977,HZE,ACT,2013-09-07,,,0.0
Seward1884,K5T,WA,1951-04-28,1958-07-23,Died,0.0
Shannon1862,K5V,SA,1912-07-31,1913-06-30,Defeated,1.0
Shannon1862,K5V,SA,1914-09-05,1920-06-30,Retired,0.0
Sheehan1885,K5X,VIC,1938-07-12,1940-09-20,Defeated,1.0
Sheehan1885,K5X,VIC,1944-07-01,1962-06-30,Retired,0.0
Sheil1929,BJ4,QLD,1974-05-18,1981-02-06,Resigned,0.0
Sheil1929,BJ4,QLD,1984-12-01,1990-06-30,Defeated,0.0
Sheldon1961,168275,NSW,2019-07-01,,,0.0
Sherrington1902,K5Z,QLD,1962-07-01,1966-03-16,Died,0.0
Sherry1955,ZW4,TAS,1990-07-01,2012-06-01,Resigned,0.0
Short1936,DJ4,VIC,1984-12-01,1997-05-12,Resigned,0.0
Sibraa1937,EJ4,NSW,1975-12-13,1978-06-30,,0.0
Sibraa1937,EJ4,NSW,1978-08-09,1994-02-01,Resigned,1.0
Siddons1927,EVL,VIC,1981-07-01,1983-02-04,Defeated,0.0
Siddons1927,EVL,VIC,1985-07-01,1987-06-05,Defeated,0.0
Siewert1961,E5Z,WA,2005-07-01,2021-09-06,Resigned,0.0
Sim1917,K69,WA,1964-11-26,1981-06-30,Retired,1.0
Simmonds1889,K6B,QLD,1949-12-10,1951-03-19,Retired,0.0
Simms1984,170166,SA,2015-09-22,2016-07-02,Defeated,1.0
Singh1972,M0R,TAS,2011-07-01,2019-06-30,,0.0
Sinodinos1957,BV7,NSW,2011-10-13,2019-11-11,Retired,1.0
Small1988,,WA,2020-11-25,,,1.0
Smith1969,241710,WA,2012-05-02,,,1.0
Smith1986,281603,SA,2019-07-01,,,0.0
SmithMiles1869,K6D,WA,1901-03-29,1906-12-31,Retired,0.0
Sowada1961,VC5,NSW,1991-08-29,1993-06-30,Defeated,1.0
Spender1975,244276,NSW,2019-03-20,2019-06-30,,0.0
Spicer1899,K6Z,VIC,1940-09-21,1944-06-30,,0.0
Spicer1899,K6Z,VIC,1949-12-10,1956-08-13,Resigned,0.0
Spindler1932,0X4,VIC,1990-07-01,1996-06-30,Retired,0.0
Spooner1897,K7A,NSW,1949-12-10,1965-07-14,Resigned,0.0
SteeleJohn1994,250156,WA,2017-11-10,,,0.0
Stephens1954,00AOS,NSW,2002-07-01,2014-06-30,Defeated,0.0
Sterle1960,E68,WA,2005-07-01,,,0.0
Stewart1850,K7D,QLD,1901-03-30,1917-06-30,Defeated,0.0
StLedger1859,K78,QLD,1907-01-01,1913-06-30,Defeated,0.0
Stoker1982,237920,QLD,2018-03-21,,,0.0
Stone1929,LJ4,QLD,1987-07-11,1990-03-01,Resigned,0.0
Storer1969,275424,SA,2018-02-16,2019-06-30,,0.0
Story1857,K7L,SA,1904-01-01,1917-04-03,Resigned,0.0
StottDespoja1969,3I6,SA,1995-11-29,2008-06-30,Retired,1.0
Styles1841,K7R,VIC,1901-03-29,1906-12-31,Defeated,0.0
Sullivan1942,3.00E+04,QLD,1974-05-18,1984-11-05,Resigned,0.0
Symon1846,K7V,SA,1901-03-30,1913-06-30,Defeated,0.0
Synon1959,FQ6,VIC,1997-05-13,1999-06-30,Defeated,1.0
Tambling1943,6E4,NT,1987-07-11,2001-11-09,Retired,0.0
Tangney1907,K7Y,WA,1943-08-21,1968-06-30,Defeated,0.0
Tate1894,K89,NSW,1949-12-10,1953-06-30,Retired,0.0
Tate1945,NJ4,TAS,1978-07-01,1993-07-05,Resigned,0.0
Tchen1941,86Y,VIC,1999-07-01,2005-06-30,Retired,0.0
Teague1944,PJ4,SA,1978-07-01,1996-06-30,Retired,0.0
Tehan1916,K8D,VIC,1975-12-13,1978-06-30,Defeated,0.0
Thistlethwaite1972,182468,NSW,2011-07-01,2013-08-09,Resigned,0.0
Thomas1863,K8L,NSW,1917-07-01,1923-06-30,Defeated,0.0
Thomas1863,K8L,NSW,1925-11-14,1929-06-30,Defeated,0.0
Thomas1936,K8H,WA,1975-12-13,1983-02-04,Defeated,0.0
Thompson1863,K8P,QLD,1922-12-16,1932-06-30,Defeated,0.0
Thorp1953,183342,TAS,2012-06-20,2014-06-30,Defeated,1.0
Thorpe1973,,VIC,2020-09-04,,,
Tierney1946,O15,NSW,1991-02-11,2005-04-14,Resigned,1.0
Tillem1974,249499,VIC,2013-08-21,2014-06-30,Defeated,1.0
Toohey1909,K8N,SA,1953-07-01,1971-06-30,Retired,0.0
Townley1934,K8R,TAS,1971-07-01,1987-06-05,Retired,0.0
Trenwith1846,K8T,VIC,1904-01-01,1910-06-30,Defeated,0.0
Troeth1940,GX5,VIC,1993-07-01,2011-06-30,Retired,0.0
Trood1948,E6A,QLD,2005-07-01,2011-06-30,Defeated,0.0
Turley1859,K8W,QLD,1904-01-01,1917-06-30,Defeated,0.0
Turnbull1908,K8Y,TAS,1962-07-01,1974-04-11,Retired,0.0
Uppill1876,K9I,SA,1935-07-01,1944-09-16,Resigned,0.0
Urquhart1957,231199,TAS,2011-07-01,,,0.0
Vallentine1946,IG4,WA,1985-07-01,1992-01-31,Resigned,0.0
Van,283601,VIC,2019-07-01,,,0.0
Vanstone1952,7E4,SA,1984-12-01,2007-04-26,Resigned,0.0
Vardon1843,K9T,SA,1907-01-01,1907-05-31,Voided,0.0
Vardon1843,K9T,SA,1908-02-15,1913-06-30,Defeated,0.0
Vardon1866,K9P,SA,1921-02-16,1921-08-04,,1.0
Vardon1866,K9P,SA,1921-08-09,1922-12-15,Defeated,1.0
Verran1856,K9Y,SA,1927-08-30,1928-11-16,Defeated,1.0
Vigor1939,KA8,SA,1984-12-01,1987-06-05,Defeated,0.0
Vincent1906,KAC,WA,1950-07-01,1964-11-09,Died,0.0
Wade1905,KAF,VIC,1956-07-01,1964-11-18,Died,0.0
Walker1841,KAH,NSW,1901-03-29,1913-06-30,Retired,0.0
Walsh1935,TJ4,WA,1974-05-18,1993-06-30,Retired,0.0
Walsh1971,252157,VIC,2019-07-01,,,0.0
Walters1925,UJ4,TAS,1975-12-13,1993-06-30,Retired,0.0
Wang1981,250045,WA,2014-07-01,2016-07-02,Defeated,0.0
Ward1872,KAJ,SA,1947-07-01,1951-04-28,Defeated,0.0
Wardlaw1888,KAL,TAS,1953-05-09,1962-06-30,Retired,0.0
Waters1977,192970,QLD,2011-07-01,2017-07-18,Resigned,0.0
Waters1977,192970,QLD,2018-09-06,,,0.0
Watson1870,070E,NSW,1914-09-05,1917-06-30,Defeated,0.0
Watson1937,VJ4,TAS,1978-07-01,2008-06-30,Retired,0.0
Watt1973,245759,QLD,2016-07-02,,,0.0
Webber1965,00AOT,WA,2002-07-01,2008-06-30,Defeated,0.0
Webster1925,KAS,VIC,1964-12-09,1980-01-28,Resigned,1.0
Webster1959,,VIC,2019-05-18,,,
Wedgwood1896,KAW,VIC,1949-12-10,1971-06-30,Retired,0.0
Wells1985,,QLD,2019-05-18,,,
West1947,1X4,NSW,1987-02-11,1987-06-05,Defeated,1.0
West1947,1X4,NSW,1990-07-01,2002-06-30,Retired,0.0
Wheeldon1929,CJO,WA,1965-07-01,1981-06-30,Retired,0.0
Wheelwright1953,RC6,NSW,1995-05-24,1996-06-30,Defeated,1.0
WhishWilson1968,195565,TAS,2012-06-20,,,1.0
Whiteside1902,KAZ,QLD,1962-10-09,1963-11-30,Defeated,1.0
Wilkinson1903,KB9,WA,1966-11-26,1974-04-11,Retired,0.0
Willesee1916,KBC,WA,1949-12-10,1975-11-11,Retired,0.0
Williams1955,I0V,NSW,2008-07-01,2019-06-30,Retired,0.0
Wilson1877,KBJ,SA,1920-07-01,1926-06-30,Defeated,0.0
Wilson1900,KBH,SA,1938-07-01,1944-06-30,Defeated,0.0
Withers1924,DV4,WA,1966-02-17,1966-11-26,Defeated,1.0
Withers1924,DV4,WA,1968-07-01,1987-06-05,Retired,0.0
Wong1968,00AOU,SA,2002-07-01,,,0.0
Wood1901,KBL,QLD,1949-12-10,1978-06-30,Retired,0.0
Wood1949,KBS,NSW,1987-07-11,1988-05-12,,0.0
Woodley1938,HX5,QLD,1993-07-01,2001-07-27,Resigned,0.0
WoodsRobert1947,1K4,NSW,1994-03-08,1997-03-07,Resigned,1.0
Wordsworth1894,KBU,TAS,1949-12-10,1959-06-30,Defeated,0.0
Wortley1959,E6C,SA,2005-07-01,2011-06-30,Defeated,0.0
Wriedt1927,ISW,TAS,1968-07-01,1980-09-25,Resigned,0.0
Wright1905,KBW,TAS,1949-12-10,1978-06-30,Retired,0.0
Wright1961,200287,SA,2011-07-01,2015-09-10,,0.0
Xenophon1959,8IV,SA,2008-07-01,2017-10-31,,0.0
Young1923,KBY,SA,1968-07-01,1983-02-04,Defeated,0.0
Zakharov1929,FE4,VIC,1983-03-05,1995-03-06,Died,0.0
Zeal1830,KC7,VIC,1901-03-29,1906-12-31,Retired,0.0
Bartlett1964,DT6,QLD,2017-11-09,2019-06-30,Defeated,
